url,title,age,views
,,,
https://www.youtube.com/watch?v=fuhE6PYnRMc,Train Vs Giant Pit,2 weeks ago,113M views
,,,
https://www.youtube.com/watch?v=48h57PspBec,"$1 vs $1,000,000,000 Yacht!",1 month ago,177M views
,,,
https://www.youtube.com/watch?v=FM7Z-Xq8Drc,"Ages 1 - 100 Fight For $500,000",1 month ago,179M views
,,,
https://www.youtube.com/watch?v=WTOm65IZneg,"1,000 Deaf People Hear For The First Time",2 months ago,100M views
,,,
https://www.youtube.com/watch?v=1WEAJ-DFkHE,"$1 vs $500,000 Plane Ticket!",3 months ago,214M views
,,,
https://www.youtube.com/watch?v=YLt73w6criQ,I Paid A Real Assassin To Try To Kill Me,4 months ago,176M views
,,,
https://www.youtube.com/watch?v=TJ2ifmkGGus,"1,000 Blind People See For The First Time",5 months ago,152M views
,,,
https://www.youtube.com/watch?v=7IKab3HcfFk,I Survived 50 Hours In Antarctica,7 months ago,133M views
,,,
https://www.youtube.com/watch?v=h5NvTTOlOtI,Hydraulic Press Vs Lamborghini,7 months ago,184M views
,,,
https://www.youtube.com/watch?v=0CTp1a-aCUM,"100 Kids Vs 100 Adults For $500,000",7 months ago,177M views
,,,
https://www.youtube.com/watch?v=kX3nB4PpJko,"Last To Take Hand Off Jet, Keeps It!",8 months ago,126M views
,,,
https://www.youtube.com/watch?v=iogcY_4xGjo,"$1 vs $1,000,000 Hotel Room!",9 months ago,266M views
,,,
https://www.youtube.com/watch?v=gHzuabZUd6c,"Survive 100 Days In Circle, Win $500,000",10 months ago,226M views
,,,
https://www.youtube.com/watch?v=65fN_OUawjk,I Hunted 100 People!,10 months ago,113M views
,,,
https://www.youtube.com/watch?v=jdMNoQE3mIQ,I Survived A Plane Crash,11 months ago,131M views
,,,
https://www.youtube.com/watch?v=2isYuQZMbdU,"I Gave My 100,000,000th Subscriber An Island",11 months ago,163M views
,,,
https://www.youtube.com/watch?v=tVWWp1PqDus,"100 Boys Vs 100 Girls For $500,000",1 year ago,156M views
,,,
https://www.youtube.com/watch?v=vaIgyRoUkQI,I Didn’t Eat Food For 30 Days,1 year ago,87M views
,,,
https://www.youtube.com/watch?v=Hwybp38GnZw,I Built Willy Wonka's Chocolate Factory!,1 year ago,217M views
,,,
https://www.youtube.com/watch?v=hD1YtmKXNb4,"$10,000 Every Day You Survive Prison",1 year ago,176M views
,,,
https://www.youtube.com/watch?v=LnlKwzc_TNA,"Would You Swim With Sharks For $100,000?",1 year ago,147M views
,,,
https://www.youtube.com/watch?v=3jS_yEK8qVI,World’s Most Dangerous Escape Room!,1 year ago,219M views
,,,
https://www.youtube.com/watch?v=00NgUctWoLQ,"Extreme $1,000,000 Hide And Seek",1 year ago,92M views
,,,
https://www.youtube.com/watch?v=x9TQ6culXIA,"$1,000,000 Influencer Tournament!",1 year ago,77M views
,,,
https://www.youtube.com/watch?v=QbJJwaVdgIs,I Got Hunted By The Military,1 year ago,171M views
,,,
https://www.youtube.com/watch?v=0e3GPea1Tyg,"$456,000 Squid Game In Real Life!",1 year ago,467M views
,,,
https://www.youtube.com/watch?v=cV2gBU6hKfY,I Cleaned The World’s Dirtiest Beach #TeamSeas,1 year ago,104M views
,,,
https://www.youtube.com/watch?v=qIsgdOVGA04,"Last To Take Hand Off Lamborghini, Keeps It",1 year ago,148M views
,,,
https://www.youtube.com/watch?v=cExLQ1o2pDw,"First To Rob Bank Wins $100,000",1 year ago,145M views
,,,
https://www.youtube.com/watch?v=uocETPj4Jx4,"Extreme $500,000 Game Of Tag!",1 year ago,138M views
,,,
https://www.youtube.com/watch?v=zxYjTTXc-J8,"Last To Leave Circle Wins $500,000",1 year ago,318M views
,,,
https://www.youtube.com/watch?v=hxwpkM5w3Cc,I Got Hunted By The FBI,1 year ago,170M views
,,,
https://www.youtube.com/watch?v=ktyJIj6i4Qw,"If You Can Carry $1,000,000 You Keep It!",2 years ago,155M views
,,,
https://www.youtube.com/watch?v=urtFrxDUV6c,"Would YOU Quit School For $100,000?",2 years ago,137M views
,,,
https://www.youtube.com/watch?v=nM89Wl03Q4g,I Survived 50 Hours In A Maximum Security Prison,2 years ago,195M views
,,,
https://www.youtube.com/watch?v=NZlClr_ivb4,"Hit The Target, Win $300,000",2 years ago,141M views
,,,
https://www.youtube.com/watch?v=E6E22XQPhhg,Anything You Can Fit In The Triangle i'll Pay For,2 years ago,167M views
,,,
https://www.youtube.com/watch?v=TQHEJj68Jew,I Got Hunted By A Real Bounty Hunter,2 years ago,166M views
,,,
https://www.youtube.com/watch?v=WcwGleN38zE,"Extreme $100,000 Game of Tag!",2 years ago,179M views
,,,
https://www.youtube.com/watch?v=fMfipiV_17o,"Would You Sit In Snakes For $10,000?",2 years ago,246M views
,,,
https://www.youtube.com/watch?v=ayXxwJJId_c,"I Bought The World's Largest Mystery Box! ($500,000)",2 years ago,200M views
,,,
https://www.youtube.com/watch?v=9bqk6ZUsKyA,I Spent 50 Hours Buried Alive,2 years ago,280M views
,,,
https://www.youtube.com/watch?v=DuQbOQwVaNE,"Offering People $100,000 To Quit Their Job",2 years ago,115M views
,,,
https://www.youtube.com/watch?v=vJH28ICkCdU,I Sold My House For $1,2 years ago,136M views
,,,
https://www.youtube.com/watch?v=_uwNDiU04zE,"I Donated $300,000 To People In Need",2 years ago,53M views
,,,
https://www.youtube.com/watch?v=C680oxL__ck,"I Ate $100,000 Golden Ice Cream",2 years ago,208M views
,,,
https://www.youtube.com/watch?v=5Fg9oZk-5uA,I Bought Everything In 5 Stores,2 years ago,144M views
,,,
https://www.youtube.com/watch?v=PKtnafFtfEo,"Youtube Rewind 2020, Thank God It's Over",2 years ago,68M views
,,,
https://www.youtube.com/watch?v=f0c7pSCoZqE,"I Put 1,000,000,000 Christmas Lights On A House (World Record)",2 years ago,94M views
,,,
https://www.youtube.com/watch?v=dg2Ag3e8W-Q,I Opened A Restaurant That Pays You To Eat At It,2 years ago,160M views
,,,
https://www.youtube.com/watch?v=LeYsRMZFUq0,"I Gave People $1,000,000 But ONLY 1 Minute To Spend It!",2 years ago,169M views
,,,
https://www.youtube.com/watch?v=Dc2ZRmuH5OM,"Steal This $100,000 Diamond, You Keep It",2 years ago,186M views
,,,
https://www.youtube.com/watch?v=GLoeAJUcz38,"Press This Button To Win $100,000!",2 years ago,262M views
,,,
https://www.youtube.com/watch?v=SZQhgExjBvQ,I Survived 24 Hours Straight In Ice,2 years ago,138M views
,,,
https://www.youtube.com/watch?v=IoZri9hq7z4,I Uber’d People And Let Them Keep The Car,2 years ago,110M views
,,,
https://www.youtube.com/watch?v=vp5sSqyZ5Go,I Filled My Brother’s House With Slime & Bought Him A New One,2 years ago,192M views
,,,
https://www.youtube.com/watch?v=AKJfakEsgy0,Hi Me In 5 Years,2 years ago,106M views
,,,
https://www.youtube.com/watch?v=Vl3swga-Xrk,"Would You Rather Have A Giant Diamond or $100,000?",2 years ago,135M views
,,,
https://www.youtube.com/watch?v=UE5AHE2Ypr8,"I Gave My 40,000,000th Subscriber 40 Cars",2 years ago,139M views
,,,
https://www.youtube.com/watch?v=TDiXxsQ0w2Q,Why I Haven’t Been Uploading,2 years ago,52M views
,,,
https://www.youtube.com/watch?v=oD155zWANQg,"Get This Random Person 1,000,000 Subscribers",2 years ago,71M views
,,,
https://www.youtube.com/watch?v=s1ax8Tx_Jz0,Would YOU Rather Have A Lamborghini or This House?,2 years ago,172M views
,,,
https://www.youtube.com/watch?v=NkE0AMGzpJY,"Last To Leave $800,000 Island Keeps It",2 years ago,219M views
,,,
https://www.youtube.com/watch?v=FbM1yi4mMMc,I Bought A Private Island,2 years ago,144M views
,,,
https://www.youtube.com/watch?v=5V2B28OqfqM,"I Spent $1,000,000 On Lottery Tickets and WON",2 years ago,115M views
,,,
https://www.youtube.com/watch?v=Rj_vssRaZlQ,I Ate The World’s Largest Slice Of Pizza,2 years ago,208M views
,,,
https://www.youtube.com/watch?v=YQDDm9HLkV4,I Adopted EVERY Dog In A Dog Shelter,3 years ago,204M views
,,,
https://www.youtube.com/watch?v=erQ_9yEz0ls,"I Bought The World's Largest Firework ($600,000)",3 years ago,194M views
,,,
https://www.youtube.com/watch?v=OAbP-V6fEVc,I Broke Into A House,3 years ago,134M views
,,,
https://www.youtube.com/watch?v=_qAJMXfL6o0,"Would You Rather Have $100,000 OR This Mystery Key?",3 years ago,166M views
,,,
https://www.youtube.com/watch?v=59AYXzCa-Cs,I Built The World's Largest Lego Tower,3 years ago,146M views
,,,
https://www.youtube.com/watch?v=r7zJ8srwwjk,I Spent 50 Hours In Solitary Confinement,3 years ago,280M views
,,,
https://www.youtube.com/watch?v=YSoJPA8-oHc,If You Click This Video I'll Give My Friend .001$,3 years ago,184M views
,,,
https://www.youtube.com/watch?v=5Hg_QSIJm8I,"I Gave $200,000 To People Who Lost Their Jobs (Corona Virus)",3 years ago,43M views
,,,
https://www.youtube.com/watch?v=gsWPpE4Rid0,Videos I Could Not Upload...,3 years ago,131M views
,,,
https://www.youtube.com/watch?v=HBMmK1c44sE,I Spent 24 Hours In A Doomsday Bunker,3 years ago,177M views
,,,
https://www.youtube.com/watch?v=oBYbxw8f5OI,"Giving $1,000,000 Of Food To People In Need",3 years ago,52M views
,,,
https://www.youtube.com/watch?v=AiGKBNGlzHo,I Ran A Marathon In The World's Largest Shoes,3 years ago,136M views
,,,
https://www.youtube.com/watch?v=_mdKvblL_8s,"$70,000 Extreme Hide And Seek - Challenge",3 years ago,122M views
,,,
https://www.youtube.com/watch?v=yXWw0_UfSFg,Anything You Can Fit In The Circle I’ll Pay For,3 years ago,241M views
,,,
https://www.youtube.com/watch?v=F4Y3Pkn95GI,"I Ate A $70,000 Golden Pizza",3 years ago,220M views
,,,
https://www.youtube.com/watch?v=KSKJKLmAqpI,"Lamborghini Race, Winner Keeps Lamborghini",3 years ago,120M views
,,,
https://www.youtube.com/watch?v=IYVjOfoU3uI,I Gave My Credit Card To Random People,3 years ago,162M views
,,,
https://www.youtube.com/watch?v=oI6aXhowFDY,I Went Back To Boy Scouts For A Day,3 years ago,108M views
,,,
https://www.youtube.com/watch?v=LdMx2U5tby0,"$60,000 Extreme Hide And Seek - Challenge",3 years ago,140M views
,,,
https://www.youtube.com/watch?v=fY-LA3YaZ_M,"How I Gained 15,000,000 Subscribers In 1 Year",3 years ago,18M views
,,,
https://www.youtube.com/watch?v=0hVZOJCYBBM,Important Youtube Announcement (please watch),3 years ago,35M views
,,,
https://www.youtube.com/watch?v=Z9WQy9jEY8M,"Giving 10,000 Presents To Kids For Christmas",3 years ago,61M views
,,,
https://www.youtube.com/watch?v=bs0SWXbty18,"Spending $1,000,000 In 24 Hours",3 years ago,163M views
,,,
https://www.youtube.com/watch?v=yeqARWqjkps,"Last To Take Hand Off $1,000,000 Keeps It",3 years ago,125M views
,,,
https://www.youtube.com/watch?v=wMuYiLby3-s,"Last To Stop Riding Bike Wins $1,000,000 (Part 4)",3 years ago,59M views
,,,
https://www.youtube.com/watch?v=NbaWrbJDr48,"Last To Leave Toilet Wins $1,000,000 (Part 3)",3 years ago,86M views
,,,
https://www.youtube.com/watch?v=sfv1QaRzJg8,I Ordered Pizza And Tipped The House,3 years ago,126M views
,,,
https://www.youtube.com/watch?v=RwnN2FVaHmw,"Last to Stop Swinging Wins $1,000,000 (Part 2)",3 years ago,112M views
,,,
https://www.youtube.com/watch?v=X1jMMFOqxEw,"$50,000 Game Of Extreme Hide And Seek - Challenge",3 years ago,140M views
,,,
https://www.youtube.com/watch?v=ORUX1lHbOa8,I Opened A FREE BANK,3 years ago,101M views
,,,
https://www.youtube.com/watch?v=LU_xVr4b2qM,"Going Around A Ferris Wheel 1,000 Times Straight",3 years ago,99M views
,,,
https://www.youtube.com/watch?v=tQ4m4zD7BBA,"Last To Fall Wins $1,000,000 (Part 1)",3 years ago,140M views
,,,
https://www.youtube.com/watch?v=D9lVNzyhYnc,Surviving 24 Hours Straight In The Bermuda Triangle,3 years ago,198M views
,,,
https://www.youtube.com/watch?v=jokVbbLqV_E,"I Spent $100,000 On Lottery Tickets And Won!",3 years ago,47M views
,,,
https://www.youtube.com/watch?v=HPJKxAhLw5I,"Planting 20,000,000 Trees, My Biggest Project Ever!",3 years ago,95M views
,,,
https://www.youtube.com/watch?v=Ims5p6wjW9s,"Last To Take Hand Off Boat, Keeps It",3 years ago,113M views
,,,
https://www.youtube.com/watch?v=anFxsa5jXrE,"I Searched 100 Dumpsters, Here's What I Found",3 years ago,159M views
,,,
https://www.youtube.com/watch?v=QxGVgXf_LNk,"Going Through The Same Drive Thru 1,000 Times",3 years ago,232M views
,,,
https://www.youtube.com/watch?v=al6130OD1Ck,"Donating $100,000 To Random Streamers",3 years ago,58M views
,,,
https://www.youtube.com/watch?v=d1010B3sKNQ,Surviving 24 Hours Straight In A Rain Forest,3 years ago,114M views
,,,
https://www.youtube.com/watch?v=NS3hse9ezik,"Last To Leave Ramen Noodle Pool Wins $20,000",3 years ago,66M views
,,,
https://www.youtube.com/watch?v=npDey6_9YRs,"Anything You Can Carry, I'll Pay For #2",3 years ago,66M views
,,,
https://www.youtube.com/watch?v=0NGWT9COcEI,"I Gave My Brother 24 Hours To Spend $100,000",3 years ago,87M views
,,,
https://www.youtube.com/watch?v=3LLnjRLrvLU,I Opened A Free Car Dealership,3 years ago,129M views
,,,
https://www.youtube.com/watch?v=bTrV5v7GLcQ,"Last To Leave Pool Of $20,000 Keeps It",3 years ago,154M views
,,,
https://www.youtube.com/watch?v=lBYC4_Lccjw,Surviving 24 Hours On A Deserted Island,3 years ago,164M views
,,,
https://www.youtube.com/watch?v=gL6iSCSHjco,"Last To Leave Roller Coaster Wins $20,000 - Challenge",3 years ago,135M views
,,,
https://www.youtube.com/watch?v=UQtltNZ_pjs,I Won Every Prize At A Theme Park,3 years ago,154M views
,,,
https://www.youtube.com/watch?v=0DaMUhgcAqo,Destroying My Friend's Car And Surprising Him With A New One,3 years ago,100M views
,,,
https://www.youtube.com/watch?v=TOcGSwJBPMQ,I Spent 24 Hours Straight At Area 51,3 years ago,142M views
,,,
https://www.youtube.com/watch?v=ws694xrKopA,"Can 50,000 Magnets Catch A Cannon Ball?",4 years ago,103M views
,,,
https://www.youtube.com/watch?v=UtnsWzaoRtg,World's Largest Game Of Dodgeball,4 years ago,74M views
,,,
https://www.youtube.com/watch?v=6wsFjjhZPJI,"Last To Leave Revolving Door Wins $50,000",4 years ago,140M views
,,,
https://www.youtube.com/watch?v=Rmf6T_Ewt38,Tipping Waitresses With Real Gold Bars,4 years ago,66M views
,,,
https://www.youtube.com/watch?v=n6qc4LHN2KQ,I Opened The World's First FREE Store,4 years ago,80M views
,,,
https://www.youtube.com/watch?v=2eFSU7TFOnk,Spending 24 Hours On Top Of A Mountain,4 years ago,164M views
,,,
https://www.youtube.com/watch?v=RCvnytndd9c,"Last To Leave VR Wins $20,000",4 years ago,135M views
,,,
https://www.youtube.com/watch?v=AA-VpIj8F5Y,"Last To Stop Running Wins $20,000",4 years ago,105M views
,,,
https://www.youtube.com/watch?v=fWcSBWadolA,"Paying People $10,000 To Eat Ghost Pepper",4 years ago,39M views
,,,
https://www.youtube.com/watch?v=YyhKdOCwD7s,24 Hours In The Most Haunted Place On Earth,4 years ago,109M views
,,,
https://www.youtube.com/watch?v=ha4tRQwKIUg,I Bought Everything In A Store - Challenge,4 years ago,139M views
,,,
https://www.youtube.com/watch?v=xRwy_rKc7gI,World's Largest Bowl Of Cereal,4 years ago,162M views
,,,
https://www.youtube.com/watch?v=H1WBdh56Vq4,Spending 24 Hours In A City With No Laws,4 years ago,144M views
,,,
https://www.youtube.com/watch?v=xhIYirjB4Yc,"Giving $10,000 To Random People And Saying Nothing",4 years ago,71M views
,,,
https://www.youtube.com/watch?v=HfJMs4mrSJM,Molten Lava Vs Giant Ice Block Experiment,4 years ago,89M views
,,,
https://www.youtube.com/watch?v=tYHTVjfShOA,"Anything You Can Carry, I'll Pay For Challenge",4 years ago,85M views
,,,
https://www.youtube.com/watch?v=JTQcIR2ZxU4,Homeless Man Buys A Lamborghini,4 years ago,141M views
,,,
https://www.youtube.com/watch?v=xpNeg0hPZIs,Playing Battleship With Real Ships,4 years ago,37M views
,,,
https://www.youtube.com/watch?v=9yrdFAJUSaU,"Donating $100,000 To Shroud In Real Life",4 years ago,31M views
,,,
https://www.youtube.com/watch?v=i2O6GMpNWGo,"Last To Leave The Tesla, Keeps It Challenge",4 years ago,102M views
,,,
https://www.youtube.com/watch?v=Y6jC6VaO3j0,"Donating $100,000 To Streamers With 0 Viewers",4 years ago,89M views
,,,
https://www.youtube.com/watch?v=Ooke4YZv8Ts,Surviving 24 Hours Straight In A Desert,4 years ago,126M views
,,,
https://www.youtube.com/watch?v=ZV7rU6lnAKQ,"$200,000 Youtuber Battle Royale",4 years ago,47M views
,,,
https://www.youtube.com/watch?v=iUzi5JmJNWc,Surprising Strangers With 100 Zombies - Experiment,4 years ago,59M views
,,,
https://www.youtube.com/watch?v=9cCpZl8euLI,I Gave A Homeless Man A Home,4 years ago,75M views
,,,
https://www.youtube.com/watch?v=I046_n20d3s,Standing Still For 24 Hours Straight - Statue Challenge,4 years ago,93M views
,,,
https://www.youtube.com/watch?v=2nd73lyvq4w,Giant Monopoly Game With Real Money,4 years ago,97M views
,,,
https://www.youtube.com/watch?v=nuM0Z4a7kMs,I Spent 24 Hours Straight In Insane Asylum,4 years ago,106M views
,,,
https://www.youtube.com/watch?v=qPBtTPJHS0Q,I Advertised Pewdiepie At The Super Bowl,4 years ago,43M views
,,,
https://www.youtube.com/watch?v=A-vX1AGBGsc,I Went Back To 1st Grade For A Day,4 years ago,172M views
,,,
https://www.youtube.com/watch?v=IiW2smvEcBM,I Opened The World’s Cheapest Store,4 years ago,41M views
,,,
https://www.youtube.com/watch?v=q6Qw8mUVTrE,I Put 10 Million Legos in Friend's House,4 years ago,85M views
,,,
https://www.youtube.com/watch?v=dBxOYE2j55U,Make This Video The Most Liked Video On Youtube,4 years ago,137M views
,,,
https://www.youtube.com/watch?v=984NGLLYDUg,"20,000 Magnets Vs A Car",4 years ago,33M views
,,,
https://www.youtube.com/watch?v=7zi0bi-RDj4,"Eating A $10,000 Golden Steak (24k Gold)",4 years ago,134M views
,,,
https://www.youtube.com/watch?v=XaxhLbxZ13k,Last To Take Hand Off House Keeps It!,4 years ago,80M views
,,,
https://www.youtube.com/watch?v=L8nh1wuXTbI,"I Gave Him One Hour To Spend $100,000!",4 years ago,70M views
,,,
https://www.youtube.com/watch?v=9-HphHIJS9c,"How I Gave Away $1,000,000",4 years ago,14M views
,,,
https://www.youtube.com/watch?v=rPXmbM2UEbU,"Giving $100,000 To A Homeless Person",4 years ago,31M views
,,,
https://www.youtube.com/watch?v=sESRuTyfsEk,I Spent 24 Hours Straight In Prison - Challenge,4 years ago,109M views
,,,
https://www.youtube.com/watch?v=QapO3maXd9k,Donating $10000 To Pewdiepie,4 years ago,46M views
,,,
https://www.youtube.com/watch?v=71VpdDb8e6U,"Last Youtuber To Leave Wins $100,000 - Challenge",4 years ago,92M views
,,,
https://www.youtube.com/watch?v=Su34c5Z8DW4,I Put Millions Of Pennies In My Friends Backyard,4 years ago,137M views
,,,
https://www.youtube.com/watch?v=e5DqdX-7_g4,Surprising TFue With A Fortnite Battle Bus In Real Life,4 years ago,99M views
,,,
https://www.youtube.com/watch?v=9vB-48kHbBU,I Built A Giant House Using Only Legos,4 years ago,63M views
,,,
https://www.youtube.com/watch?v=3ix_gbcubTo,"Last To Leave Slime Pit Wins $20,000 - Challenge",4 years ago,120M views
,,,
https://www.youtube.com/watch?v=mGIpOtncmSM,"Saying Pewdiepie 100,000 Times",4 years ago,25M views
,,,
https://www.youtube.com/watch?v=VqnQ-0q2gb4,Destroyed Friend's House And Bought Him A New One,4 years ago,42M views
,,,
https://www.youtube.com/watch?v=3TflpIllQHY,I Put 100 Million Orbeez In My Friend's Backyard,4 years ago,184M views
,,,
https://www.youtube.com/watch?v=1SwVSTKFCsc,"Spending $40,000 In One Hour Challenge",4 years ago,43M views
,,,
https://www.youtube.com/watch?v=ZPuEUe_8SRM,"Giving My 10,000,000th Subscriber 10,000,000 ___",4 years ago,28M views
,,,
https://www.youtube.com/watch?v=gKVZz4kcuns,"$10,000 Games Of Rock Paper Scissors",4 years ago,18M views
,,,
https://www.youtube.com/watch?v=nywT2SenPIo,"Last To Remove Hand, Gets Lamborghini Challenge",4 years ago,84M views
,,,
https://www.youtube.com/watch?v=xBP9EUQIkNs,"You Pick The Right Cup, You Win $100,000!",4 years ago,35M views
,,,
https://www.youtube.com/watch?v=qZNxvnQv0h4,I Bought Every Billboard In My City For This,4 years ago,38M views
,,,
https://www.youtube.com/watch?v=uE6gud1voDs,"Ordering Water Then Tipping $30,000",4 years ago,43M views
,,,
https://www.youtube.com/watch?v=f0M64XpmTz8,"I Spent $50,000 On Lottery Tickets And Won ____",4 years ago,30M views
,,,
https://www.youtube.com/watch?v=Gz3yak1cl-8,"Last To Leave Circle Wins $10,000 - Challenge",4 years ago,88M views
,,,
https://www.youtube.com/watch?v=9GD6hbqu2oM,I Spent 24 Hours Straight In Slime,4 years ago,40M views
,,,
https://www.youtube.com/watch?v=GUWGsIVEMSQ,"Surprising Tfue With $10,000 Live - Fortnite",4 years ago,71M views
,,,
https://www.youtube.com/watch?v=wDqJZ_2ZA3A,"I Spent $30,000 On Lottery Tickets And Won ____",4 years ago,17M views
,,,
https://www.youtube.com/watch?v=RywkkwO78m8,Flat Earth PROVEN By Independent Research,4 years ago,27M views
,,,
https://www.youtube.com/watch?v=P4qWhSZ7_WA,Things That SHOULDN'T Be Sold On Amazon,4 years ago,131M views
,,,
https://www.youtube.com/watch?v=UlUcwJc5nBs,"Surprising My 8,000,000th Subscriber With 8,000,000 ___",4 years ago,33M views
,,,
https://www.youtube.com/watch?v=qAW6CE7_bFM,"I Donated $25,000 To Random Kids Streaming Fortnite",4 years ago,63M views
,,,
https://www.youtube.com/watch?v=tBEBc4KQVsU,I Hope This Magic Trick Works,4 years ago,42M views
,,,
https://www.youtube.com/watch?v=q0OK-zHnvnA,Can A Glowing 1000 Degree Sword Slice A Car In Half?,4 years ago,68M views
,,,
https://www.youtube.com/watch?v=bFZdU9dr4OM,Rocket League In Real Life!,4 years ago,28M views
,,,
https://www.youtube.com/watch?v=nd-bwvNB7YA,Destroying My Friend's Car And Surprising Him With A New One - Slime,4 years ago,106M views
,,,
https://www.youtube.com/watch?v=6_im_hGxGRk,Spending 24 Hours Straight Under Water Challenge,4 years ago,126M views
,,,
https://www.youtube.com/watch?v=b91vrgVY-ZQ,"Attempting The Impossible Maze - $10,000 Challenge",4 years ago,56M views
,,,
https://www.youtube.com/watch?v=52ubXjlVzUY,"Donating $100,000 To A Random Fortnite Streamer",4 years ago,51M views
,,,
https://www.youtube.com/watch?v=XHb7g6yuGgE,Moving 10 Pounds Using ONLY Sound,4 years ago,44M views
,,,
https://www.youtube.com/watch?v=rH1D_3G56DY,Returning Destroyed Rental Cars Prank,4 years ago,36M views
,,,
https://www.youtube.com/watch?v=-0zoWMSEOGg,"I Gave My 6,000,000th Subscriber 6,000,000 ____",5 years ago,17M views
,,,
https://www.youtube.com/watch?v=WRzIuC2MKOU,"Can 1,000 Fans At Max Speed Push A Car?",5 years ago,28M views
,,,
https://www.youtube.com/watch?v=foLlul8Tl3E,"I Donated $50,000 To Ninja - Fortnite",5 years ago,96M views
,,,
https://www.youtube.com/watch?v=3iaDrpKdaIc,I Ubered Random People In A Tank,5 years ago,29M views
,,,
https://www.youtube.com/watch?v=qrIh-ZHN4-E,World's Hottest Substance Vs Coldest Substance,5 years ago,86M views
,,,
https://www.youtube.com/watch?v=mpZWt5pGKZ8,The Real Way Dinosaurs Went Extinct,5 years ago,28M views
,,,
https://www.youtube.com/watch?v=vbph9F_pRNI,I Donated $1000 Every Time She Blinked - Fortnite Streamers,5 years ago,21M views
,,,
https://www.youtube.com/watch?v=XE9pUM9MEFA,I Built A Working Car Using Only LEGOS,5 years ago,73M views
,,,
https://www.youtube.com/watch?v=wbzD04leeLI,Do Water Repellent Shoes Actually Work?,5 years ago,120M views
,,,
https://www.youtube.com/watch?v=MC5h-ShR-S8,"We Drove 3,000 Miles For The World's Best Burger",5 years ago,52M views
,,,
https://www.youtube.com/watch?v=dp8IaLrZpGs,"I Gave My 5,000,000th Subscriber 5,000,000 ______",5 years ago,11M views
,,,
https://www.youtube.com/watch?v=97Gh93Daio0,I Made Money Grow On Trees,5 years ago,17M views
,,,
https://www.youtube.com/watch?v=t4OumncEiKo,I Took Apart My Friends Car And Put It In His Room,5 years ago,15M views
,,,
https://www.youtube.com/watch?v=Ejou8aa5eZk,How Many Rubber Bands Does It Take To Snap A Safe?,5 years ago,36M views
,,,
https://www.youtube.com/watch?v=ehEuczQUh8E,Pulling Cars Over Using A Toy Police Car,5 years ago,24M views
,,,
https://www.youtube.com/watch?v=uBC7805Smsg,"I Gave $500,000 To Random People",5 years ago,14M views
,,,
https://www.youtube.com/watch?v=d8pJkuSp1iI,How Many Toy Cars Does It Take To Pull A Real Car?,5 years ago,40M views
,,,
https://www.youtube.com/watch?v=dFr5YQaQQdo,"I Gave $20,000 To People From An Ice Cream Truck",5 years ago,14M views
,,,
https://www.youtube.com/watch?v=xBLxMfO3pDw,$10000 Ice Sculpture Vs Flame,5 years ago,23M views
,,,
https://www.youtube.com/watch?v=d7QmQtNwhcU,"Can 1,000 Rolls Of Duct Tape Stop A Car??",5 years ago,26M views
,,,
https://www.youtube.com/watch?v=NZR4WEjpOQg,Winning A Game Of Fortnite In The Middle Of The Ocean,5 years ago,31M views
,,,
https://www.youtube.com/watch?v=vETSAZgfDP4,I Flew Using Only Balloons AND Leaf Blowers,5 years ago,32M views
,,,
https://www.youtube.com/watch?v=zE3FLbpu9-Q,"I Donated $40,000 To A Random Twitch Fortnite Streamer (world record)",5 years ago,24M views
,,,
https://www.youtube.com/watch?v=Izmibu7dxcs,Destroying My Friend's Car And Surprising Him With A New One,5 years ago,38M views
,,,
https://www.youtube.com/watch?v=2Pvt8awds44,Walking Up To Random People With 100 StormTroopers,5 years ago,19M views
,,,
https://www.youtube.com/watch?v=n9BbAfbsyj0,"I Donated $10,000 If They Said This Word (Twitch Streamers)",5 years ago,19M views
,,,
https://www.youtube.com/watch?v=WZ2rYlVxt4g,"Giving My 4,000,000th Subscriber 4,000,000 Cookies",5 years ago,13M views
,,,
https://www.youtube.com/watch?v=CWK6an4mYL0,"I Tipped Waitresses $20,000",5 years ago,14M views
,,,
https://www.youtube.com/watch?v=VwWV4JelEzY,Walking Into Random Stores With 100 Dinosaurs,5 years ago,32M views
,,,
https://www.youtube.com/watch?v=koRKIlRQj4g,I Built A Mansion Using Only Cardboard Boxes,5 years ago,25M views
,,,
https://www.youtube.com/watch?v=XKFKPQHdWRI,Breaking Glass Using Only Megaphones,5 years ago,53M views
,,,
https://www.youtube.com/watch?v=yuGEB4ZZdUQ,Tying My Shoes In Every State (World Record),5 years ago,17M views
,,,
https://www.youtube.com/watch?v=sg_XFT4K3N4,"I Dropped $20,000 From A Drone",5 years ago,7.7M views
,,,
https://www.youtube.com/watch?v=szt8xabJoSo,"Donating $10,000 To Fortnite Streamers If They Win",5 years ago,11M views
,,,
https://www.youtube.com/watch?v=Fbl3E_XCQfA,Trying To Fly Using Only Leaf Blowers,5 years ago,18M views
,,,
https://www.youtube.com/watch?v=Pe3pGsCeYXg,"Giving 3,000,000 Pennies To My 3,000,000th Subscriber",5 years ago,8.6M views
,,,
https://www.youtube.com/watch?v=yzGmnjDFuZE,"I Donated $30,000 To My Favorite Twitch Streamer (ninja)",5 years ago,36M views
,,,
https://www.youtube.com/watch?v=op0N7axawJA,"I Gave $20,000 To Random Homeless People",5 years ago,47M views
,,,
https://www.youtube.com/watch?v=l_huIWJBhJM,I Bought An Expensive Car Using Only $1 Bills,5 years ago,37M views
,,,
https://www.youtube.com/watch?v=7ALCsEyn3mg,I Bought The World's Most Expensive Apps ($10k),5 years ago,26M views
,,,
https://www.youtube.com/watch?v=CvMRiR4k49Y,We Delivered 100 Pizzas To Random Houses,5 years ago,9M views
,,,
https://www.youtube.com/watch?v=g2rbhIB-ITM,"I Donated $30,000 To A Random Twitch Streamer (world record)",5 years ago,32M views
,,,
https://www.youtube.com/watch?v=nLpqZEAFnkE,I Bought A Car Using Only Pennies,5 years ago,26M views
,,,
https://www.youtube.com/watch?v=sirrTXiPFmw,I Bought One Snickers Bar From Every Walmart,5 years ago,44M views
,,,
https://www.youtube.com/watch?v=nRkwuTOESCc,Donating Big Donations To Twitch Streamers!!!,5 years ago,27M views
,,,
https://www.youtube.com/watch?v=AS6WMS_Bemg,I Can't Believe I Found This Stuff On Amazon..,5 years ago,30M views
,,,
https://www.youtube.com/watch?v=wMn8d7IeCYM,"Saying ""Keep Net Neutrality"" For 10 Hours",5 years ago,2.1M views
,,,
https://www.youtube.com/watch?v=BMZP4CtphaU,Life Hacks You Need To Know,5 years ago,7.3M views
,,,
https://www.youtube.com/watch?v=ln9aLVd__8w,"Can 100,000 Pieces Of Paper Stop A Bullet?",5 years ago,25M views
,,,
https://www.youtube.com/watch?v=93s1JECSy60,"Giving My Mom $100,000 (Proudest Day Of My Life)",5 years ago,30M views
,,,
https://www.youtube.com/watch?v=YR6Wh2Zy9jE,"2,256 Miles In One Uber Ride (World Record)",5 years ago,42M views
,,,
https://www.youtube.com/watch?v=5PCxQSMOl3o,i'm really sorry,5 years ago,5.7M views
,,,
https://www.youtube.com/watch?v=5qzAVMe_SnM,Hi Me In Two Years (Made Two Years Ago),5 years ago,13M views
,,,
https://www.youtube.com/watch?v=P5h-SO_sByE,What Actually Happens When You Click On Spam Ads,5 years ago,3.7M views
,,,
https://www.youtube.com/watch?v=zAAXW7ySu1k,"Tipping Uber Drivers $10,000",5 years ago,4.5M views
,,,
https://www.youtube.com/watch?v=sx5k8xd_VoU,Going To The Connor McGregor fight!,5 years ago,6M views
,,,
https://www.youtube.com/watch?v=uotb9ZHnI2g,"Tipping Pizza Delivery Guys $10,000",5 years ago,22M views
,,,
https://www.youtube.com/watch?v=nPlqRbVFBHI,"Microwaving my iPhone, what happens next might shock you..",5 years ago,2.7M views
,,,
https://www.youtube.com/watch?v=_FX6rml2Yjs,"Saying Logan Paul 100,000 Times",5 years ago,22M views
,,,
https://www.youtube.com/watch?v=kupaqq-xJ_8,"Donating $10,000 To Random Twitch Streamers",5 years ago,10M views
,,,
https://www.youtube.com/watch?v=Er6QUQZbv0w,Breaking The Law,6 years ago,31M views
,,,
https://www.youtube.com/watch?v=4KVmSG6KS2k,"Giving Homeless People $1,000 (Not Clickbait)",6 years ago,6.4M views
,,,
https://www.youtube.com/watch?v=Lx9fRu5ehFo,We Are Better Than Dude Perfect,6 years ago,25M views
,,,
https://www.youtube.com/watch?v=KcsRxHwGz7A,Every Challenge I've Ever Done,6 years ago,855K views
,,,
https://www.youtube.com/watch?v=ZJwX2jTXWwQ,Watching It's Everyday Bro For 10 Hours Straight,6 years ago,27M views
,,,
https://www.youtube.com/watch?v=N_GMakKf7G4,"Giving A Random Homeless Man $10,000",6 years ago,10M views
,,,
https://www.youtube.com/watch?v=63gyUQ_JeOE,Toothpaste Life Hacks YOU SHOULD KNOW,6 years ago,19M views
,,,
https://www.youtube.com/watch?v=IZVbzNRUlQI,"Reading The Longest English Word (190,000 Characters)",6 years ago,34M views
,,,
https://www.youtube.com/watch?v=8D3vI1615K4,Fidget Spinner Vs Face (Legit Had To Get Stitches),6 years ago,41M views
,,,
https://www.youtube.com/watch?v=igVcy5dtN80,Grilling A Microwave Microwaving A Microwave Microwaving A Toaster Toasting An Iphone Watching Micro,6 years ago,2M views
,,,
https://www.youtube.com/watch?v=dEOlvTqYUNo,#1 MOST INSANE MAGNET LIFE HACK EVER,6 years ago,26M views
,,,
https://www.youtube.com/watch?v=AS5CxLCWq-Q,Watching Dance Till You're Dead For 10 Hours,6 years ago,52M views
,,,
https://www.youtube.com/watch?v=jtOalDNVrKM,I Can't Break My Strange Addiction,6 years ago,1.8M views
,,,
https://www.youtube.com/watch?v=dDYP56hEYF0,OMG! INSANE CUP FORT,6 years ago,4M views
,,,
https://www.youtube.com/watch?v=pJSbLk-Iixc,Savage Level 9000,6 years ago,7.2M views
,,,
https://www.youtube.com/watch?v=iengNekeTNo,Reading The Youtube Terms Of Service,6 years ago,512K views
,,,
https://www.youtube.com/watch?v=rqUvnLPvbrM,Reacting To The Reaction Of The Reaction To The Reaction Of The Reaction Of The Reaction To The Reac,6 years ago,7.6M views
,,,
https://www.youtube.com/watch?v=9CVwXBYVqVk,"Counting To 200,000 (Road To A Mil)",6 years ago,3.7M views
,,,
https://www.youtube.com/watch?v=i8pmk5xnO2s,Microwaving Dry Ice (Microwave Explodes),6 years ago,3.3M views
,,,
https://www.youtube.com/watch?v=xWcldHxHFpo,"I Counted To 100,000!",6 years ago,28M views
,,,
https://www.youtube.com/watch?v=YH1-fDzHHpo,we are number one but every one is a bad intro,6 years ago,1.9M views
,,,
https://www.youtube.com/watch?v=ntlG5XgYg4k,Microwaving A Microwave Microwaving A Toaster,6 years ago,4.8M views
,,,
https://www.youtube.com/watch?v=Qy17S3g8ZuY,HOW TO UNLOCK ANY IPHONE WITHOUT THE PASSCODE,6 years ago,22M views
,,,
https://www.youtube.com/watch?v=PJyWmlWNor8,WHY DO THEY SELL THIS ON AMAZON?,6 years ago,8.6M views
,,,
https://www.youtube.com/watch?v=KzwTYZ2W3ZA,Microwaving A Microwave,6 years ago,11M views
,,,
https://www.youtube.com/watch?v=9fa_JYTPZ2Y,IF YOU ONLY SEE ORANGE YOU'RE COLOR BLIND,6 years ago,1.7M views
,,,
https://www.youtube.com/watch?v=t1BWMa8btIw,I Mailed Myself IN A BOX & it REALLY WORKED! (Human Mail Challenge),6 years ago,16M views
,,,
https://www.youtube.com/watch?v=2O8wta4FsD4,STUPIDEST PERSN ON EART (Really Dumb),6 years ago,2.4M views
,,,
https://www.youtube.com/watch?v=dSDBr0WjrwQ,"Reading The Entire Bee Movie Script But Everytime They Say ""Bee"" I Repeat All the Previous Bees",6 years ago,10M views
,,,
https://www.youtube.com/watch?v=DbC9CauTXoM,THE WORST THINGS EVER TO EXIST,6 years ago,3.7M views
,,,
https://www.youtube.com/watch?v=yhNcDBnQsEY,BLOWING UP $1000 KEYBOARD *RIP WALLET*,6 years ago,3.8M views
,,,
https://www.youtube.com/watch?v=Wyyqz3OxB5c,MY $1000 KEYBOARD CHANGED MY LIFE,6 years ago,13M views
,,,
https://www.youtube.com/watch?v=KO8B2kw_Jxs,I BOUGHT A 1000$ KEYBOARD,6 years ago,1.5M views
,,,
https://www.youtube.com/watch?v=NEDPgQYhbqs,IF ONLINE ADS WERE REAL,6 years ago,9.8M views
,,,
https://www.youtube.com/watch?v=DpIvW6av0pI,IT FINALLY CAME IN THE MAIL,6 years ago,278K views
,,,
https://www.youtube.com/watch?v=RPcXg2-0ejw,Bleach Bottle Flips (COP CALLED),6 years ago,1.1M views
,,,
https://www.youtube.com/watch?v=jhYG5BStQSk,Hi Me In A Year (Scheduled Uploaded A Year Ago),6 years ago,1.4M views
,,,
https://www.youtube.com/watch?v=wTIPpjUgAFE,Epic New Gaming And Youtube Setup 2016,6 years ago,370K views
,,,
https://www.youtube.com/watch?v=Fzh65vCyHWQ,24 HOUR EXPLOSION GIVEAWAY! WIN GIFTCARDS,6 years ago,681K views
,,,
https://www.youtube.com/watch?v=vBp0bzVr09s,LISTENING TO OLD VOICEMAILS FOR THE FIRST TIME,6 years ago,302K views
,,,
https://www.youtube.com/watch?v=AXjdI_LHWJU,GAMBLING MONEY WITH SCRATCH OFF TICKETS,6 years ago,3M views
,,,
https://www.youtube.com/watch?v=dJCsc_Cq9i4,BEST WALMART TOILET PAPER FORT,6 years ago,1.4M views
,,,
https://www.youtube.com/watch?v=bqpKlkPpT10,100 LAYERS OF SARAN WRAP + TOILET PAPER!!,6 years ago,3.2M views
,,,
https://www.youtube.com/watch?v=TIIU1ivhLKs,WORST REVIEWS ON AMAZON #4 *FUNNY*,6 years ago,1.6M views
,,,
https://www.youtube.com/watch?v=G4qOiwIE_o0,HOW MUCH MONEY DO YOUTUBERS MAKE?,6 years ago,3M views
,,,
https://www.youtube.com/watch?v=yozl6enFC-w,THE WORST SONG ON YOUTUBE *CRINGE*,6 years ago,799K views
,,,
https://www.youtube.com/watch?v=LP_mGU3CgXk,SURPRISING MY BROTHER WITH A LAPTOP,6 years ago,1.6M views
,,,
https://www.youtube.com/watch?v=DoIQMkoYSzw,"SELLING ORGANS FOR $1,000,000",6 years ago,3.5M views
,,,
https://www.youtube.com/watch?v=e-If_d_bzfI,POKEMON GO STEREOTYPES,7 years ago,2.2M views
,,,
https://www.youtube.com/watch?v=5J6-5g2alp8,"100,000 SUBSCRIBERS.EXE",7 years ago,1.2M views
,,,
https://www.youtube.com/watch?v=qjGNBluF6_I,WORST REVIEWS ON AMAZON #2 HOW IS THIS LEGAL?,7 years ago,1.1M views
,,,
https://www.youtube.com/watch?v=TLoDwqQF5ug,BLOWING UP MY TABLET,7 years ago,154K views
,,,
https://www.youtube.com/watch?v=uAFGIQPWL54,Worst Reviews On Amazon #1 (Minecraft Edition),7 years ago,701K views
,,,
https://www.youtube.com/watch?v=SaDDjW9Rw-M,WORST THUMBNAILS ON YOUTUBE #3,7 years ago,815K views
,,,
https://www.youtube.com/watch?v=CHdy9wND1jo,REACTING TO MY OLD MINECRAFT VIDEOS (HORRIBLE),7 years ago,1.3M views
,,,
https://www.youtube.com/watch?v=9LiS_3HEErU,HOW TO MAKE A GOOD INTRO FOR YOUTUBE,7 years ago,169K views
,,,
https://www.youtube.com/watch?v=hRj5qNfkdO0,WORST BANNERS ON YOUTUBE #1,7 years ago,640K views
,,,
https://www.youtube.com/watch?v=ocruJKe2tFk,"50,000 Subscribers.exe",7 years ago,368K views
,,,
https://www.youtube.com/watch?v=MgRMNzKknto,Dude Perfect 4.0 - We Are Totally Better,7 years ago,402K views
,,,
https://www.youtube.com/watch?v=tqO3_AKC5Ks,CUTTING TABLE IN HALF WITH PLASTIC KNIVES,7 years ago,3.6M views
,,,
https://www.youtube.com/watch?v=XW1TsAVdXsw,BEST INTROS ON YOUTUBE #1,7 years ago,27M views
,,,
https://www.youtube.com/watch?v=Qhdj_Umh1IE,Motivation For Youtubers #6 LAST ONE,7 years ago,120K views
,,,
https://www.youtube.com/watch?v=fN_RQFqaGHI,How Many Licks Does It Take To Get To The Center Of A Tootsie Pop?,7 years ago,358K views
,,,
https://www.youtube.com/watch?v=hC3xW8xeCDs,Motivation For Youtubers #5,7 years ago,156K views
,,,
https://www.youtube.com/watch?v=xGJEPTCw9GU,18th Birthday QNA - Mom's Hair Dryer Age?,7 years ago,322K views
,,,
https://www.youtube.com/watch?v=FmjsePPBbdU,WORST MEMES AND TRENDS ON YOUTUBE!,7 years ago,618K views
,,,
https://www.youtube.com/watch?v=lMLEcUXz6T8,Cereal Commentary,7 years ago,116K views
,,,
https://www.youtube.com/watch?v=BKJy7BFP3Is,WHERE IS MY COOKIE?????,7 years ago,96K views
,,,
https://www.youtube.com/watch?v=1gfgZhW3YgU,"How Much Money Do Big Youtubers Make? (Pewdiepie, Markiplier, etc)",7 years ago,91K views
,,,
https://www.youtube.com/watch?v=VXmKt_1T0QM,Struggles Of Being A Youtuber,7 years ago,101K views
,,,
https://www.youtube.com/watch?v=6XCUHLhdnEY,Reenacting Youtubers,7 years ago,143K views
,,,
https://www.youtube.com/watch?v=ttWTSskmxTA,Life Before And After Gamma (Insane) @GFuelEnergy,7 years ago,35K views
,,,
https://www.youtube.com/watch?v=5bCyFf8lSfk,Worst Thumbnails On Youtube #2 - Cringe,7 years ago,266K views
,,,
https://www.youtube.com/watch?v=ngVEpJs5A5s,Motivation For Small Youtubers #4 - Inspiration For Youtubers,7 years ago,115K views
,,,
https://www.youtube.com/watch?v=zjC48c3ptt0,Scheduled Uploaded 6 Months Ago (REACTION),7 years ago,114K views
,,,
https://www.youtube.com/watch?v=rS2sntC-lJI,Dude Perfect 3.0 - We Are Better,7 years ago,669K views
,,,
https://www.youtube.com/watch?v=fG1N5kzeAhM,Dear Future Me (Scheduled Uploaded 6 Months Ago),7 years ago,2M views
,,,
https://www.youtube.com/watch?v=vT_gRRMjDi0,$100 GIVEAWAY PRANK (NO WEAPONS INVOLVED),7 years ago,50K views
,,,
https://www.youtube.com/watch?v=dfcPUqiivDY,GIVING AWAY $100 ITUNES GIFT CARDS,7 years ago,104K views
,,,
https://www.youtube.com/watch?v=zCR6DJX7Kak,Walking Dead Daryl DIED (Fan Reaction To Death),7 years ago,130K views
,,,
https://www.youtube.com/watch?v=4cX-w-ia0RU,Why Do Youtubers Ask For Likes?,7 years ago,159K views
,,,
https://www.youtube.com/watch?v=2nVjy-zd65Q,Making My Background More Epic,7 years ago,40K views
,,,
https://www.youtube.com/watch?v=xlzpD4GeBW0,Doing Youtube For Fun Or Views?,7 years ago,40K views
,,,
https://www.youtube.com/watch?v=8ZTy3K2QgOY,Pranks That Went Horribly Wrong,7 years ago,2M views
,,,
https://www.youtube.com/watch?v=k9zko79_3_I,Who Founded Faze? Who Created Faze Clan?,7 years ago,2M views
,,,
https://www.youtube.com/watch?v=fYnPyLfxSJg,Subscriber Goals For 2017,7 years ago,59K views
,,,
https://www.youtube.com/watch?v=pBH_QL4JGcI,"20,000",7 years ago,133K views
,,,
https://www.youtube.com/watch?v=1wtFD9zSQO8,The Dreaded Unanswerable Question,7 years ago,92K views
,,,
https://www.youtube.com/watch?v=VqhjiwmGNKA,WORST THUMBNAILS ON YOUTUBE,7 years ago,541K views
,,,
https://www.youtube.com/watch?v=EhZ9gHZOZT8,Beast Goes Camping (Didn't Go Wrong) (Didn't Go Sexual),7 years ago,117K views
,,,
https://www.youtube.com/watch?v=LHtkve6-O0g,NBA Interviews Gone Wrong (No Gun Pulled),7 years ago,46K views
,,,
https://www.youtube.com/watch?v=m3Ol8zn7brk,Movie Trailers Be Like,7 years ago,81K views
,,,
https://www.youtube.com/watch?v=qBiZA4QDsj0,What Is Youtube Red? Should I Buy Youtube Red?,7 years ago,84K views
,,,
https://www.youtube.com/watch?v=NeOrh4GnPZ4,Things I Hate #2 - Youtube Edition,7 years ago,147K views
,,,
https://www.youtube.com/watch?v=fWhfOAuOqjY,Super Bowl Commercial 2016 Cost - How Much Does A Commercial Cost In 2016 Super Bowl?,7 years ago,71K views
,,,
https://www.youtube.com/watch?v=9Ax56oRhcZc,Counting To 10000 In One Sitting,7 years ago,62M views
,,,
https://www.youtube.com/watch?v=-cWVrFABWHw,HOW TO MAKE A VIRAL PRANK VIDEO 100% LEGIT,7 years ago,120K views
,,,
https://www.youtube.com/watch?v=z7qtJAAV5d0,Is Obama Dead? Dumb Google Searches!,7 years ago,213K views
,,,
https://www.youtube.com/watch?v=9pk-neTrDoM,How To Be MrBeast (Made By Really Old Subscriber),7 years ago,56K views
,,,
https://www.youtube.com/watch?v=JQscW6DfNZY,Should You Play Video Games?,7 years ago,74K views
,,,
https://www.youtube.com/watch?v=9smE_EiKJ8Q,School Is A Waste Of Time,7 years ago,112K views
,,,
https://www.youtube.com/watch?v=hfaPkoXeYfU,Is Michael Bay My Dad????????,7 years ago,61K views
,,,
https://www.youtube.com/watch?v=u0hHxeWkB_o,Lottery Taxes - How Much Tax Is If You Win The Lottery,7 years ago,117K views
,,,
https://www.youtube.com/watch?v=64WGWubQO3I,Motivation For Small Youtubers #3,7 years ago,147K views
,,,
https://www.youtube.com/watch?v=QJUs6CSRCFU,Giving Away Two $15 Gift Cards (forgive me boyz),7 years ago,38K views
,,,
https://www.youtube.com/watch?v=Om4c4ilT_6g,Do Dislikes Matter On Youtube - Are Dislikes Bad Or Good?,7 years ago,359K views
,,,
https://www.youtube.com/watch?v=GbOfxRfHdeg,How To Get Active Subscribers On Youtube? Tips 2016,7 years ago,74K views
,,,
https://www.youtube.com/watch?v=yzxYCRDcGDs,Reaction Channels Are Stupid??????? #JCTG,7 years ago,54K views
,,,
https://www.youtube.com/watch?v=PCakYf_PnT0,Goodbye Laptop,7 years ago,143K views
,,,
https://www.youtube.com/watch?v=8nv_ltg4RAg,2015 Year Highlights,7 years ago,53K views
,,,
https://www.youtube.com/watch?v=VvphlSvCyj8,MrBeast Rest In Pepperoni 6000,7 years ago,207K views
,,,
https://www.youtube.com/watch?v=JP3v6UxI124,How To Think Of Good Video Ideas (Tips),7 years ago,97K views
,,,
https://www.youtube.com/watch?v=jRURlbRAUhI,Whats That Song Name?,7 years ago,180K views
,,,
https://www.youtube.com/watch?v=I_3R9YGFlHE,The Anti-Beast (R.I.P. Beast),7 years ago,514K views
,,,
https://www.youtube.com/watch?v=xjJJ_wDlc1E,"Reacting To Family Accounts (MamaBeast, MrBeast'sLaptop, Etc)",7 years ago,916K views
,,,
https://www.youtube.com/watch?v=cqirhwhq_qM,Do Youtubers Pay Taxes????? (USA),7 years ago,88K views
,,,
https://www.youtube.com/watch?v=3IQdDBwc42o,Why Does This Video Have No Thumbnail?,7 years ago,69K views
,,,
https://www.youtube.com/watch?v=_jmooGKD-KM,How To Make Illuminati Confirmed Videos Like Peladophobian,7 years ago,176K views
,,,
https://www.youtube.com/watch?v=4YHnf3YepwU,Totally 100% Real Epic Ping Pong Trickshots,7 years ago,62K views
,,,
https://www.youtube.com/watch?v=uxzBq4Y_fNw,Exams Be Like,7 years ago,246K views
,,,
https://www.youtube.com/watch?v=HIhUkvAG0o4,How Many People Have A Silver Play Button????,7 years ago,219K views
,,,
https://www.youtube.com/watch?v=cpI5lCaqZcQ,How To Get More Views And Subscribers On Youtube (2016),7 years ago,56K views
,,,
https://www.youtube.com/watch?v=6zQhLOw1nw8,Should You Do COD Commentaries In 2016????,7 years ago,40K views
,,,
https://www.youtube.com/watch?v=mfvi_jgdVqE,THINGS I HATE #1,7 years ago,364K views
,,,
https://www.youtube.com/watch?v=zExxMxcoJ6A,Worst MrBeast6000 Intros?? (Fan Made!),7 years ago,465K views
,,,
https://www.youtube.com/watch?v=hD_Af6W2qug,Dear Razer Can I Have My 70$ Back?????,7 years ago,7.5M views
,,,
https://www.youtube.com/watch?v=XOtTKQujlkI,"How Many People Get The Golden Play Button? (1,000,000 Subscribers)",7 years ago,107K views
,,,
https://www.youtube.com/watch?v=dRqthQ2Mc_0,"Spam404 Has Terminated 5,000,000 Videos (Including Pewdiepie)",7 years ago,97K views
,,,
https://www.youtube.com/watch?v=8TFq_vvO_Wg,MrBeast6000's First Video (So Bad lol),7 years ago,13M views
,,,
https://www.youtube.com/watch?v=oo8ve4Ldpck,The Evolution Of My Youtube Banners,7 years ago,57K views
,,,
https://www.youtube.com/watch?v=sKn8Tbp2a-4,"Shark Tank Most Successful Products, Entrepreneurs, Or Businesses 2015",7 years ago,134K views
,,,
https://www.youtube.com/watch?v=g0IrVKXIbmE,PSYCHO FRIEND SMASHES MY LAPTOP! (Mc Juggernuggets Parody),7 years ago,225K views
,,,
https://www.youtube.com/watch?v=2Om2M4_Kyd0,FREE TO USE BO3 GAMEPLAY - 1080p,7 years ago,43K views
,,,
https://www.youtube.com/watch?v=KaaEivIqX6M,Double Agent (Short Film),7 years ago,114K views
,,,
https://www.youtube.com/watch?v=W4gBpws7Ug8,YOU ONLY DO YOUTUBE FOR VIEWS,7 years ago,56K views
,,,
https://www.youtube.com/watch?v=NT3EkjxO8hs,"10,000 QNA With MUM",7 years ago,258K views
,,,
https://www.youtube.com/watch?v=syMozMiJneM,Why I Stopped Playing Video Games - Video Game Commentary,7 years ago,51K views
,,,
https://www.youtube.com/watch?v=Wt6cMjn3YLg,YOUTUBE RED STEALS CONTENT CREATORS MONEY? What Is Youtube Red?,7 years ago,43K views
,,,
https://www.youtube.com/watch?v=OEuS7fjMlMc,Millions Of Views!,7 years ago,515K views
,,,
https://www.youtube.com/watch?v=1Pr-R2nKTY4,"How To Get 1,000 Subscribers On Youtube - Vlogs Gaming",7 years ago,74K views
,,,
https://www.youtube.com/watch?v=QqdUhn99E-s,High School Education Be Like (Paying Taxes),7 years ago,40K views
,,,
https://www.youtube.com/watch?v=1UygJmcHUdQ,I Got Bored Of Studying So This Happened,7 years ago,417K views
,,,
https://www.youtube.com/watch?v=g4DAFnZcCcQ,Best Microphone For Youtube (Gaming Commentaries Vocals Singing Podcast),7 years ago,36K views
,,,
https://www.youtube.com/watch?v=LTr8cXAxy1I,9k Subs - Channel Talk,7 years ago,81K views
,,,
https://www.youtube.com/watch?v=Ow3xqv7ahXo,How Much Money Does Bill Gates Make / Have - Billionaire,7 years ago,87K views
,,,
https://www.youtube.com/watch?v=TRiF8PdrIP8,MrBeast6000's Channel Trailer,7 years ago,1.5M views
,,,
https://www.youtube.com/watch?v=NFZ_MtTvwm0,Best Non-Copyrighted Songs For Videos! (Intros Vlogs Gaming Trailers) 2016,7 years ago,66K views
,,,
https://www.youtube.com/watch?v=Pgxi8dsUW-o,Is Being A Youtuber Hard? Is Being A Youtuber Worth It?,7 years ago,73K views
,,,
https://www.youtube.com/watch?v=YY2-jJojnOA,Best Green Screen Lighting Ever? (Joking Obviously),7 years ago,256K views
,,,
https://www.youtube.com/watch?v=7Pogam71094,How Do Youtubers Make Money? How Do Youtubers Get Paid?,7 years ago,74K views
,,,
https://www.youtube.com/watch?v=DL0OPJ2hahc,Increase Youtube Views 2015! COMMUNITY CHANNELS - Boosting Youtube Views,7 years ago,34K views
,,,
https://www.youtube.com/watch?v=WwE0tR08OTU,Originality - A Youtube Poem By MrBeast6000,7 years ago,35K views
,,,
https://www.youtube.com/watch?v=2LIJtcI4dbg,Stupid Things People Search On Google,7 years ago,1.3M views
,,,
https://www.youtube.com/watch?v=rXnaD7PU9kY,"Ad Blocker For Chrome and Mobile, Should You Use It?",7 years ago,73K views
,,,
https://www.youtube.com/watch?v=Ng_qwlvhrJo,PC Master Race Vs Console Peasants,7 years ago,42K views
,,,
https://www.youtube.com/watch?v=bzIPun3cVsw,Shia Labeouf Motivates Youtubers!,7 years ago,199K views
,,,
https://www.youtube.com/watch?v=miKQkeq5sbU,Knives In Video Games Cost More Than Real Life????,7 years ago,49K views
,,,
https://www.youtube.com/watch?v=Lwt_VThQIdM,"Why I Sold My PS4, Not A Gaming Channel???",7 years ago,41K views
,,,
https://www.youtube.com/watch?v=P2oPACr4uuU,Selling PS4 For $250 + Elgato For $100!,7 years ago,37K views
,,,
https://www.youtube.com/watch?v=h-D6ukDcS9o,Do Tags Do Anything On Youtube?????,7 years ago,94K views
,,,
https://www.youtube.com/watch?v=mY77HA20MzA,Bronze And Platinum Play Buttons?????,7 years ago,707K views
,,,
https://www.youtube.com/watch?v=4krBgDFycgY,7k SUBS! Smashing Ghost + AW! Plus Channel Talk!,7 years ago,58K views
,,,
https://www.youtube.com/watch?v=dpUxRIqbNlc,Exility vs Dr.Pineapplez - Misleading Contest!,7 years ago,41K views
,,,
https://www.youtube.com/watch?v=Cp431S5z8PE,6 Uses For Your Advanced Warfare Disk!,7 years ago,34K views
,,,
https://www.youtube.com/watch?v=ttLYXcza4j4,MrBeast’s Outro Song,7 years ago,8.2M views
,,,
https://www.youtube.com/watch?v=3-f9DEFsh4w,Watching Video Games Is A Waste Of Time????,7 years ago,34K views
,,,
https://www.youtube.com/watch?v=vuOTP206zWM,"Pewdiepie's Shoutout, What Would You Do If You Won?",7 years ago,42K views
,,,
https://www.youtube.com/watch?v=J590MYm0SY8,How I Will Survive The Zombie Apocalypse!,7 years ago,211K views
,,,
https://www.youtube.com/watch?v=vGB2d5cQJpY,How Much Money Do Youtubers Make? Real Numbers!,7 years ago,234K views
,,,
https://www.youtube.com/watch?v=M94G0iKYiSM,HONEST Shout Out Sunday! Free Subscribers!,7 years ago,35K views
,,,
https://www.youtube.com/watch?v=pGYyUssWLTA,Social Media As A Job????,7 years ago,34K views
,,,
https://www.youtube.com/watch?v=j7kM8G_AjuY,Airplane Pilots Last Words Before Death,7 years ago,109K views
,,,
https://www.youtube.com/watch?v=deK-My3Of0o,How Much Do T.V. Commercials Cost?????,7 years ago,34K views
,,,
https://www.youtube.com/watch?v=oB8kFFvJdhE,How To Tweet When You're Dead! DEADSOCIAL Facebook And Instagram Also!,7 years ago,35K views
,,,
https://www.youtube.com/watch?v=X9eXa-Uzuj0,My Favorite FaZe Clan Members?????,7 years ago,40K views
,,,
https://www.youtube.com/watch?v=GxTVDClFXuc,MrBeast6000Subs,7 years ago,635K views
,,,
https://www.youtube.com/watch?v=kGaq-Qi9hoE,"Youtube Networking - Aka Fake Likes, Subs, And Comments",7 years ago,35K views
,,,
https://www.youtube.com/watch?v=9zFfp3gzZ88,I Hate Youtubers That Ask For Likes,7 years ago,149K views
,,,
https://www.youtube.com/watch?v=mM2KwBYa-u4,My Mom Found My Channel!! :0,7 years ago,655K views
,,,
https://www.youtube.com/watch?v=WAcmsAISniQ,1080p FREE TO USE BLACK OPS 3 GAMEPLAY,7 years ago,60K views
,,,
https://www.youtube.com/watch?v=kqUT-s3a6tU,"Black Ops 3 First Impressions, My First Game",7 years ago,35K views
,,,
https://www.youtube.com/watch?v=NUVglXbGBfs,Dogs Opinions On Youtubers Getting BO3 Early,7 years ago,61K views
,,,
https://www.youtube.com/watch?v=T-v4b3WtPAg,BO3,7 years ago,663K views
,,,
https://www.youtube.com/watch?v=m8qGlpcfAIw,Xbox One Destroyer? COD Advertisement Is Free,7 years ago,35K views
,,,
https://www.youtube.com/watch?v=afL8tYlnrj4,What Is Yanet Actually Thinking?????,7 years ago,120K views
,,,
https://www.youtube.com/watch?v=uZPkMnv8b-o,Modern Art Is A Joke,7 years ago,46K views
,,,
https://www.youtube.com/watch?v=qVLr6SMxvJw,5 Steps To Becoming Successful On Youtube!,7 years ago,57K views
,,,
https://www.youtube.com/watch?v=4AigP5OY8JE,Time,7 years ago,59K views
,,,
https://www.youtube.com/watch?v=RMoFUeBVefA,Beast $500ish Youtube PC Great For Making Videos!,7 years ago,57K views
,,,
https://www.youtube.com/watch?v=ep7S1XnuQLU,"5,000 Hype",7 years ago,109K views
,,,
https://www.youtube.com/watch?v=p6bzNpgbX8Y,What Is Crohns Disease?????,7 years ago,194K views
,,,
https://www.youtube.com/watch?v=6T17licWsQ4,Leaving For 7 Days,7 years ago,39K views
,,,
https://www.youtube.com/watch?v=1s6UOlWdpw4,Motivation For Youtube - Ultimate Small Youtuber Motivation #2,7 years ago,126K views
,,,
https://www.youtube.com/watch?v=3LuchpUc7PU,Should I Buy An Elgato Game Capture??,7 years ago,35K views
,,,
https://www.youtube.com/watch?v=_f6xCA0-gAo,Fanboy Opinions On Black Ops 3,7 years ago,34K views
,,,
https://www.youtube.com/watch?v=lfD7kMZKuNg,Big Channel's Starting Over???,7 years ago,35K views
,,,
https://www.youtube.com/watch?v=ejlkNGm82w4,SAT And Some Random Stuff,7 years ago,34K views
,,,
https://www.youtube.com/watch?v=Jtj9rUqlB1Y,How Many Youtubers Are Millionaires???,7 years ago,81K views
,,,
https://www.youtube.com/watch?v=ZqzFRGH_tMQ,Always Changing My Name? Mr.Beast or MrBeast6000,7 years ago,148K views
,,,
https://www.youtube.com/watch?v=94A-bsumX9A,How Much Youtube Money Do I Make???,7 years ago,360K views
,,,
https://www.youtube.com/watch?v=gYaxI_allkQ,Am I Ian From Smosh????,7 years ago,602K views
,,,
https://www.youtube.com/watch?v=AjXbO2XfBkE,How Do You Turn Off A PS4? Xbox Noob In Need Of Help,7 years ago,73K views
,,,
https://www.youtube.com/watch?v=ZQZzR0DUujc,"New Optic Gaming Gear Coming To Advanced Warfare, My Thoughts",7 years ago,35K views
,,,
https://www.youtube.com/watch?v=-V3-fhJQZkk,Youtube Collabs? Collabbing with Mr.Beast?,7 years ago,73K views
,,,
https://www.youtube.com/watch?v=QX0wvWGW2qg,Sacrifices And Youtube,7 years ago,35K views
,,,
https://www.youtube.com/watch?v=oODUkNQAzXU,5$ To Advertise Your Youtube Channel???,7 years ago,119K views
,,,
https://www.youtube.com/watch?v=2jWZtKTN6jU,Reuploading Other Youtubers Videos? Stealing Big Youtubers Videos.,7 years ago,35K views
,,,
https://www.youtube.com/watch?v=zsADECFHY8w,4k Subscriber's! First Channel Story!,7 years ago,73K views
,,,
https://www.youtube.com/watch?v=Feh8o-HmthM,People Who Got Rich From Movie Trailers On Youtube,7 years ago,71K views
,,,
https://www.youtube.com/watch?v=6Xv-LVYZQxk,Beast Gaming Set Up #almost4k,7 years ago,60K views
,,,
https://www.youtube.com/watch?v=8-0ZHJHp9g4,Advanced Warfare DLC 4 Honest Parody,7 years ago,34K views
,,,
https://www.youtube.com/watch?v=QqIG0R-KpGk,World's Worst Thieves,7 years ago,65K views
,,,
https://www.youtube.com/watch?v=qENpZBzgaUM,VANOSSGAMING IS IN TROUBLE,7 years ago,217K views
,,,
https://www.youtube.com/watch?v=4DYBVA4884Y,SpiderMan Robs Walmart?????,8 years ago,35K views
,,,
https://www.youtube.com/watch?v=skEf9R0TXkM,My Upload For ThunderstruckGaming,8 years ago,35K views
,,,
https://www.youtube.com/watch?v=CnMv_zTXZ38,Best FNAF 4 Fake Reactions! So Funny lol,8 years ago,70K views
,,,
https://www.youtube.com/watch?v=bEIK5ni_Pzs,How Many People Get The Diamond Play Button?????,8 years ago,1.7M views
,,,
https://www.youtube.com/watch?v=_oZyp4mTzSQ,Supply Drops For Charity! Ep #2,8 years ago,35K views
,,,
https://www.youtube.com/watch?v=is1LSWbssuA,Best Thing To Happen To This Channel?????,8 years ago,35K views
,,,
https://www.youtube.com/watch?v=XR_q9_LEKuc,Supply Drop Challenge For Charity,8 years ago,35K views
,,,
https://www.youtube.com/watch?v=X9UiBpDHW3w,FaZe Clan Vs Pewdiepie Who Would Win?????,8 years ago,44K views
,,,
https://www.youtube.com/watch?v=PRU47AuQF2M,"FaZe Adapt ""Stuttertage""",8 years ago,86K views
,,,
https://www.youtube.com/watch?v=Y3Rxgf5_R_I,The COD Community? Sleeping With Your Mom?,8 years ago,34K views
,,,
https://www.youtube.com/watch?v=R6zuvKbvKyU,Exility And Some Other Stuff - Update Vid,8 years ago,46K views
,,,
https://www.youtube.com/watch?v=yCKe65Nvp0Q,Every Minecraft Let's Play Ever In Under A Minute,8 years ago,94K views
,,,
https://www.youtube.com/watch?v=XBe57FyB2xU,Why I deleted Today's First Upload,8 years ago,47K views
,,,
https://www.youtube.com/watch?v=zpCwHwWgbsI,What Is Spam404?????,8 years ago,39K views
,,,
https://www.youtube.com/watch?v=lh61MVUxJt0,The History Of Pewdiepie In 2 Minutes,8 years ago,197K views
,,,
https://www.youtube.com/watch?v=yWnmEPgLroQ,TWITCH STREAMERS REACT TO RECEIVING THOUSANDS FROM SAME GUY!,8 years ago,203K views
,,,
https://www.youtube.com/watch?v=eBklqeeIu10,I Hate Spam On Youtube,8 years ago,35K views
,,,
https://www.youtube.com/watch?v=SgMydsOucFg,INSANE TRIPLE LEGENDARY SUPPLY DROP! BEST OPENING YET?,8 years ago,43K views
,,,
https://www.youtube.com/watch?v=jPm3hRiMKuU,Low Bridge Causes Dozen's Of Wrecks! 11-8 Bridge,8 years ago,35K views
,,,
https://www.youtube.com/watch?v=OweuuinkVZI,3k HYPE,8 years ago,105K views
,,,
https://www.youtube.com/watch?v=7Pr0HP-Trgk,How To Become A Gaming Youtuber! All You Need To Know!,8 years ago,35K views
,,,
https://www.youtube.com/watch?v=UEK0fYAqMss,My Solution For The Theft At The FaZe House - @FaZe_Rain @FaZeAdapt,8 years ago,35K views
,,,
https://www.youtube.com/watch?v=lRznKN2oPUc,5 Popular Channels That Were Terminated,8 years ago,126K views
,,,
https://www.youtube.com/watch?v=IDrS_TrjuK4,What Is Youtube Terms Of Service?????,8 years ago,37K views
,,,
https://www.youtube.com/watch?v=J1lhxfZtR3M,Do You Think You Will Be Famous?????,8 years ago,95K views
,,,
https://www.youtube.com/watch?v=b_o8cz0ZNdk,What Is Swatting? Why I hate It!,8 years ago,71K views
,,,
https://www.youtube.com/watch?v=i5dhcAxO25Q,Reddit Is In Chaos After Firing Victoria,8 years ago,36K views
,,,
https://www.youtube.com/watch?v=-o_8CDbFMJ0,Paid Promotion On Youtube Good?,8 years ago,37K views
,,,
https://www.youtube.com/watch?v=v5J1Cycn3s8,How To Gain Youtube Success,8 years ago,58K views
,,,
https://www.youtube.com/watch?v=YJiqYG-Mylk,FaZe Members Reaction's To Joining Faze,8 years ago,558K views
,,,
https://www.youtube.com/watch?v=jGE1sUTeR5g,Battle of The Beasts Round 2 Winners!,8 years ago,35K views
,,,
https://www.youtube.com/watch?v=0tZCQ25fsoI,Youtube In 10 Years?????,8 years ago,126K views
,,,
https://www.youtube.com/watch?v=N9jTogPwqVY,The Ultimate Motivation For Small Youtubers,8 years ago,225K views
,,,
https://www.youtube.com/watch?v=yyJ7xEcENNI,How Much Does Pewdiepie Make?,8 years ago,144K views
,,,
https://www.youtube.com/watch?v=3rJgCGMPEqA,Random Stuff You Don't Care About,8 years ago,35K views
,,,
https://www.youtube.com/watch?v=7isfkomGg7o,Battle Of The Beast Round 1 Winners!,8 years ago,34K views
,,,
https://www.youtube.com/watch?v=UCYefSGBP00,The Truth About Big Community Channels,8 years ago,34K views
,,,
https://www.youtube.com/watch?v=dvdGkRK5a_0,WORLD'S FIRST BLACK OPS 3 GUN SYNC!!,8 years ago,47K views
,,,
https://www.youtube.com/watch?v=X7doE4h6W64,Insane Gun Sync - 7 Hours To Make,8 years ago,35K views
,,,
https://www.youtube.com/watch?v=GhppzOzN3MM,Battle of The Beasts Bracket!!!! (Not accepting anymore),8 years ago,35K views
,,,
https://www.youtube.com/watch?v=QkXDatNdL4U,Free To Use Advanced Warfare Gameplay! 2015,8 years ago,35K views
,,,
https://www.youtube.com/watch?v=hyt2t4r8lQ4,Battle Of The Beast Tournament UPDATE!,8 years ago,34K views
,,,
https://www.youtube.com/watch?v=-mlok5iT3GE,My Top 5 Favorite Things At E3 2015,8 years ago,35K views
,,,
https://www.youtube.com/watch?v=STvOHHgJ1sQ,Battle Of The Beasts (youtubers needed),8 years ago,35K views
,,,
https://www.youtube.com/watch?v=2-ErX5oDzwM,History Of COD Part 2! Black Ops 1 - History Of COD On Youtube!,8 years ago,35K views
,,,
https://www.youtube.com/watch?v=7ytYV-tVIvg,How Did Notch Become A Billionaire? How Much Did Minecraft Sell For?????,8 years ago,81K views
,,,
https://www.youtube.com/watch?v=ELIoOUKSOJQ,Top 10 Richest Gaming Youtubers?????,8 years ago,145K views
,,,
https://www.youtube.com/watch?v=uAoayezOaug,Markiplier Is A Great Man! Sub shodleech!,8 years ago,132K views
,,,
https://www.youtube.com/watch?v=Vr2337tCLCI,Insane Advanced Warfare Hacker!,8 years ago,35K views
,,,
https://www.youtube.com/watch?v=NV7qmqbS8tM,"What Is Considered A ""Bad Video"" On Youtube????? #karnageRC",8 years ago,44K views
,,,
https://www.youtube.com/watch?v=U9c-ycvw02A,I Think I Am Going For The #KarnageRC,8 years ago,35K views
,,,
https://www.youtube.com/watch?v=GfgcVOuHLAo,Every FaZe Video Ever #karnageRC,8 years ago,36K views
,,,
https://www.youtube.com/watch?v=zi7tZ-2PhLk,How Much Money Do You Make As An Uber Driver??????,8 years ago,34K views
,,,
https://www.youtube.com/watch?v=TacjQmKCiZg,How Much Does Faze Rain's Giveaway Cost??????,8 years ago,35K views
,,,
https://www.youtube.com/watch?v=AIytwdufwW8,MY MESSAGE TO COD YOUTUBERS (Watch till end plz),8 years ago,35K views
,,,
https://www.youtube.com/watch?v=KLAI0c0Spog,Best Of FlipArtz - His Best Advanced Supply Drops EVER!,8 years ago,57K views
,,,
https://www.youtube.com/watch?v=UVin8WtE5eU,Summer Is Finally Here!,8 years ago,35K views
,,,
https://www.youtube.com/watch?v=wNuxirsrwBk,Why Are Things Unbalanced In Video Games?????,8 years ago,48K views
,,,
https://www.youtube.com/watch?v=6bxZpS0cm5o,New Channel?,8 years ago,110K views
,,,
https://www.youtube.com/watch?v=ajJbMGq9AS4,"Youtube ""Freinds""",8 years ago,58K views
,,,
https://www.youtube.com/watch?v=UXw9jqgJNNc,"Youtube Stat News - Vevo Gets 10 Bil. Views A Month, Channel Milestones, and more!",8 years ago,35K views
,,,
https://www.youtube.com/watch?v=E3CqKvlzl-I,Big Changes??? Idk just watch the stupid video,8 years ago,35K views
,,,
https://www.youtube.com/watch?v=zfDr05ax0gM,How Much Money Does DramaAlert Make????,8 years ago,34K views
,,,
https://www.youtube.com/watch?v=56OkH6ocYZU,L0114R - Biblical Creeper Post for Post @L0114R,8 years ago,34K views
,,,
https://www.youtube.com/watch?v=w40Z8aT5fpQ,Why Do We Do Things That Are Bad For Us?????,8 years ago,34K views
,,,
https://www.youtube.com/watch?v=zgDezsMQyyU,How To Monetize Your Videos And Make Lots Of Youtube Money!!$$$,8 years ago,35K views
,,,
https://www.youtube.com/watch?v=UEwnitHoSDw,DIY $23.00 Mini Sound Booth? Does It Work?,8 years ago,98K views
,,,
https://www.youtube.com/watch?v=__SaaKSW9iE,Cut Coms vs Uncut Coms,8 years ago,34K views
,,,
https://www.youtube.com/watch?v=qWnyJ55KBKo,Minimum Wage,8 years ago,47K views
,,,
https://www.youtube.com/watch?v=52awie9G00A,My New Channel Trailer ;),8 years ago,44K views
,,,
https://www.youtube.com/watch?v=bB99NdUoxEQ,Why I Changed My Channel Name,8 years ago,101K views
,,,
https://www.youtube.com/watch?v=7GjSaNi8Epg,How Overpriced Is Movie Popcorn?????,8 years ago,35K views
,,,
https://www.youtube.com/watch?v=h5uE4ERMiTk,Screw Warface,8 years ago,35K views
,,,
https://www.youtube.com/watch?v=umRLkCrmwcs,My Problems,8 years ago,51K views
,,,
https://www.youtube.com/watch?v=rHoLyltYDtQ,Ma Channel,8 years ago,35K views
,,,
https://www.youtube.com/watch?v=yeHjsYQ076A,Remember When COD Was Fun?,8 years ago,34K views
,,,
https://www.youtube.com/watch?v=pqrdPu2ESFo,My Baby Got a Virus :(,8 years ago,57K views
,,,
https://www.youtube.com/watch?v=ywZy_Fo2ydo,Modern Art Is A Joke,8 years ago,35K views
,,,
https://www.youtube.com/watch?v=qr4v9pdfVlU,Cheat Channels,8 years ago,34K views
,,,
https://www.youtube.com/watch?v=hgiPX33AHas,Time,8 years ago,54K views
,,,
https://www.youtube.com/watch?v=oZ-Mn5p1xMw,"2,000 Subscribers",8 years ago,211K views
,,,
https://www.youtube.com/watch?v=5UPa_hu5opg,Youtube,8 years ago,60K views
,,,
https://www.youtube.com/watch?v=zv_oq5UNDAo,"How To SAT, Get Into Yale",8 years ago,34K views
,,,
https://www.youtube.com/watch?v=NiqkH7qVW0U,100k Subs With No Videos????,8 years ago,425K views
,,,
https://www.youtube.com/watch?v=boBokLXe5o8,Is Jacksepticeye A Millionaire?????? 2016,8 years ago,133K views
,,,
https://www.youtube.com/watch?v=7YOzgk-U4EU,How Rich Is Buzz Feed???,8 years ago,39K views
,,,
https://www.youtube.com/watch?v=prdSftLj9-g,How To Do A High School or College Paper!,8 years ago,55K views
,,,
https://www.youtube.com/watch?v=pzlPJmNyepA,What is Crohn's Disease?????,8 years ago,435K views
,,,
https://www.youtube.com/watch?v=QNoqAnJOSqU,What Happens If You Get A Copy Right Strike??,8 years ago,151K views
,,,
https://www.youtube.com/watch?v=kzIA4vKyhRQ,5 Steps To Becoming Successful On Youtube,8 years ago,101K views
,,,
https://www.youtube.com/watch?v=DfonKqMENrg,Making Youtube a Priority,8 years ago,40K views
,,,
https://www.youtube.com/watch?v=MUQCwdkEbq0,Why I Was Not Uploading,8 years ago,37K views
,,,
https://www.youtube.com/watch?v=JlUzoQN9FWw,Youtubers Analytic's Explained,8 years ago,38K views
,,,
https://www.youtube.com/watch?v=0VjLq-go1fg,How Much $$$ Does Every Member of FaZe Make COMBINED????? 2016,8 years ago,92K views
,,,
https://www.youtube.com/watch?v=uCIpW9zOmgI,Is Pewdiepie The #2 Youtuber?!?!?  :0,8 years ago,57K views
,,,
https://www.youtube.com/watch?v=Z0Poefgrs4w,How Much Money Does Smosh Make????? 2016,8 years ago,49K views
,,,
https://www.youtube.com/watch?v=MLN6TRB9Jxw,Who Are The Worst Youtubers?????,8 years ago,163K views
,,,
https://www.youtube.com/watch?v=vZrL_FFITgs,Subscriber Goals For 2016,8 years ago,37K views
,,,
https://www.youtube.com/watch?v=L7lGD_anC00,How Many People Do Youtube as a JOB?????,8 years ago,34K views
,,,
https://www.youtube.com/watch?v=xu1nhAfnMGA,How Much Money Does Syndicate Project Make????? 2016,8 years ago,50K views
,,,
https://www.youtube.com/watch?v=D1livXdFGkQ,Are Youtubers Millionaires?,8 years ago,116K views
,,,
https://www.youtube.com/watch?v=bwp_3qLgWpQ,Magecraft - Epic Hit! 11k Troops killed.,8 years ago,34K views
,,,
https://www.youtube.com/watch?v=tZpnfF0-7Ls,Highest Paid Musicians????,8 years ago,76K views
,,,
https://www.youtube.com/watch?v=BwAMltY3-c0,Making Fun Of Youtuber's Intros.,8 years ago,294K views
,,,
https://www.youtube.com/watch?v=7HBR3Ea72CY,10 Things You DIDN'T Know About Youtube!,8 years ago,46K views
,,,
https://www.youtube.com/watch?v=Ds9H2UnUHL0,Quitting?,8 years ago,99K views
,,,
https://www.youtube.com/watch?v=iqUFeWAVp-0,How Much Money Does Markiplier Make????? 2016,8 years ago,85K views
,,,
https://www.youtube.com/watch?v=W2skFWRk6qo,PewDiePie Uploads A Fake Video! LOL,8 years ago,54K views
,,,
https://www.youtube.com/watch?v=X_qd-1xSTFA,Pewdiepie Was On T.V.,8 years ago,107K views
,,,
https://www.youtube.com/watch?v=VWa0ImMY2bQ,Five Facts You Didn't Know About Youtube.,8 years ago,59K views
,,,
https://www.youtube.com/watch?v=fEcASr38n2E,Milestones And Plans For My Channel,8 years ago,47K views
,,,
https://www.youtube.com/watch?v=udmf5MQLNGA,How Much Money Did Gangnam Style Earn??? 2016,8 years ago,68K views
,,,
https://www.youtube.com/watch?v=0dg2eR2NSQ0,Best League Player In The Universe.,8 years ago,301K views
,,,
https://www.youtube.com/watch?v=6BNOWeYFyP8,MageCraft - Beginners tutorial. (The app),8 years ago,34K views
,,,
https://www.youtube.com/watch?v=LDegY-H60_U,How much money does VanossGaming Make? 2016,8 years ago,203K views
,,,
https://www.youtube.com/watch?v=D51HaR-XvgM,Opening Old Basketball Cards! Ep. #1 (Michael Jordan Found),8 years ago,107K views
,,,
https://www.youtube.com/watch?v=Rio7r_vLUEo,20 Best Websites?????,8 years ago,95K views
,,,
https://www.youtube.com/watch?v=8E5Ygl02wtM,"How Much Money Does ""Chris Smooth"" Make?????",8 years ago,42K views
,,,
https://www.youtube.com/watch?v=moMJjt5KECc,Money Problems,8 years ago,172K views
,,,
https://www.youtube.com/watch?v=OffgqPzDi7Q,Vanoss vs Speedy! Who is better? Updated.,8 years ago,35K views
,,,
https://www.youtube.com/watch?v=B_7uD3B62MM,Welcome To My Channel!,8 years ago,56K views
,,,
https://www.youtube.com/watch?v=bA20RJcegOI,1500,8 years ago,197K views
,,,
https://www.youtube.com/watch?v=NbHwVDt9Rjk,How Much Money Does Yogscast Make????? 2016,9 years ago,36K views
,,,
https://www.youtube.com/watch?v=VzsE09KjpKA,How Much Does WhiteBoy7thSt Make????? 2016,9 years ago,175K views
,,,
https://www.youtube.com/watch?v=HduubRTdko4,"How Much Does ""Epic Rap Battles"" Make?????",9 years ago,34K views
,,,
https://www.youtube.com/watch?v=qFOGv5zuTdw,How Much Money Does FaZe Make?????,9 years ago,34K views
,,,
https://www.youtube.com/watch?v=u6t4jrhs56Q,"Top Youtube ""ShoutOuts""",9 years ago,34K views
,,,
https://www.youtube.com/watch?v=460GXJiGCEs,Youtube Dream,9 years ago,53K views
,,,
https://www.youtube.com/watch?v=ZiuoOcj2eLY,In Dis Video I Play Minecraft. (Factions),9 years ago,42K views
,,,
https://www.youtube.com/watch?v=LYK6SPMtJ_Y,Youtube Grind,9 years ago,71K views
,,,
https://www.youtube.com/watch?v=2ljWxaMvE_0,Hacker in Ghost???? I Couldn't Kill Him.,9 years ago,34K views
,,,
https://www.youtube.com/watch?v=rSuuQ_s8gOw,How Much Money Does Tmartn Make?????,9 years ago,35K views
,,,
https://www.youtube.com/watch?v=vKKhX-Uyggw,How Much Money Does FaZe Rain Make?????,9 years ago,53K views
,,,
https://www.youtube.com/watch?v=EAwXH82m-6A,G2g Brb,9 years ago,35K views
,,,
https://www.youtube.com/watch?v=U_07AG_CR5A,Crazy Nub Tub Reactions! Bo2 Fun!,9 years ago,35K views
,,,
https://www.youtube.com/watch?v=Xe0AGtF5aNU,Fun In COD. - Insane Reactions Lol,9 years ago,35K views
,,,
https://www.youtube.com/watch?v=NCv0drAPm_M,Minecraft Build-off Fun!!!!!,9 years ago,53K views
,,,
https://www.youtube.com/watch?v=HuLAAXZXIy0,This Kid Should Quit COD....,9 years ago,57K views
,,,
https://www.youtube.com/watch?v=pV7UcYW1OwA,Computer vs Console My Perspective.,9 years ago,69K views
,,,
https://www.youtube.com/watch?v=x4IXCimma-s,5 Youtubers I Think Will Be Famous...,9 years ago,165K views
,,,
https://www.youtube.com/watch?v=anZbhN0Wh_4,How Much Does PewDiePie Make????? 2016,9 years ago,254K views
,,,
https://www.youtube.com/watch?v=3Q3pQmzWyZM,I Got Really Really Really Bored....,9 years ago,34K views
,,,
https://www.youtube.com/watch?v=BqS4iVHa-LU,How Much Money Does Penguinz0 Make????? 2016,9 years ago,71K views
,,,
https://www.youtube.com/watch?v=zX04jQFKCpo,How Much Money Does CaptainSparkles Make????? 2016,9 years ago,388K views
,,,
https://www.youtube.com/watch?v=G7Y9ban7b0U,How Much Money Does Tobuscus Make?????,9 years ago,42K views
,,,
https://www.youtube.com/watch?v=EMVvA5Cr0fY,COD IS NOT DEAD,9 years ago,49K views
,,,
https://www.youtube.com/watch?v=e14MroQ5k_s,Storm,9 years ago,155K views
,,,
https://www.youtube.com/watch?v=CuzdxsOXEZ8,Hearthstone - All Beards Challenge!,9 years ago,46K views
,,,
https://www.youtube.com/watch?v=67Wj-0OyKOM,Youtube ad.,9 years ago,316K views
,,,
https://www.youtube.com/watch?v=LWstCINhd8g,Impossible,9 years ago,54K views
,,,
https://www.youtube.com/watch?v=dg6iqLCPizs,Motivation,9 years ago,57K views
,,,
https://www.youtube.com/watch?v=cRPldarzw-M,1k Subs,9 years ago,16M views
,,,
https://www.youtube.com/watch?v=-rdYtmUejSE,Yup I is the best at the game.,9 years ago,173K views
,,,
https://www.youtube.com/watch?v=tusuuI7MEJU,Should I join FaZe?????,9 years ago,548K views
,,,
https://www.youtube.com/watch?v=XDe5f8BEvwY,"Youtube Networks Requirerments. (Machinima, TGN, 8byte....)",9 years ago,61K views
,,,
https://www.youtube.com/watch?v=BtCGABBPH9s,Two Years of Youtube.,9 years ago,275K views
,,,
https://www.youtube.com/watch?v=KJ_C_NSl0P8,"How Much Money Does ""Element Animation"" Make?????",9 years ago,116K views
,,,
https://www.youtube.com/watch?v=LI8nWXeYtOs,"How Much Money Does ""Skydoesminecraft"" Make????",9 years ago,49K views
,,,
https://www.youtube.com/watch?v=LMe7k8I082w,Should College Athletes Be Paid?????,9 years ago,55K views
,,,
https://www.youtube.com/watch?v=h77pHTSPSiw,"""Beast"" Channel Trailer",9 years ago,46K views
,,,
https://www.youtube.com/watch?v=JUiijjJOInw,What It Takes To Be A Full Time Youtuber...,9 years ago,37K views
,,,
https://www.youtube.com/watch?v=gpbY6zCEBv4,How Video Games Boosted My SAT Score. Lol,9 years ago,42K views
,,,
https://www.youtube.com/watch?v=Kgu2ApayYvI,How Much Money Do I Make?????,9 years ago,117K views
,,,
https://www.youtube.com/watch?v=S9PIukDRcvk,Update,9 years ago,44K views
,,,
https://www.youtube.com/watch?v=lrw3zkGS9Vc,Subscribers.,9 years ago,78K views
,,,
https://www.youtube.com/watch?v=IQYW_lVBYGo,How Much Money Does KyR's Speedy's Crew Make?????,9 years ago,77K views
,,,
https://www.youtube.com/watch?v=iOjxpow6jow,How Many Youtubers Are Millionaries?????,9 years ago,302K views
,,,
https://www.youtube.com/watch?v=GdD2pqAdjXY,"Flappy Bird - Builders Showdown, Which is Better?",9 years ago,82K views
,,,
https://www.youtube.com/watch?v=nmHCmLVLxcU,New COD Zombies In 2014?????,9 years ago,57K views
,,,
https://www.youtube.com/watch?v=TZPlDuYrcDQ,Minecraft Mansion Timelapse,9 years ago,568K views
,,,
https://www.youtube.com/watch?v=Oub4nMrNTqQ,Top 5 NON-COPYRIGHTED Songs!!!!!,9 years ago,88K views
,,,
https://www.youtube.com/watch?v=h5Z36IuyrKc,Vanoss vs Speedy! Which is better?,9 years ago,90K views
,,,
https://www.youtube.com/watch?v=2IGxSOfsBok,I Hate Pewdiepie!!!!!,9 years ago,2.8M views
,,,
https://www.youtube.com/watch?v=ZxkLCq49Tvk,Does Spam Work?????,9 years ago,283K views
,,,
https://www.youtube.com/watch?v=smDPnIdlkhM,100th VIDEO SPECIAL!,9 years ago,282K views
,,,
https://www.youtube.com/watch?v=DjMYkWCEan8,The Vortex SMP Episode 1! Just Derping Around and Explaining Things.,9 years ago,82K views
,,,
https://www.youtube.com/watch?v=3nn_skHgkqI,Has Youtube Met Its Match?????,9 years ago,59K views
,,,
https://www.youtube.com/watch?v=A8IkOqb_7Yg,How Much Money Does Pewdiepie Make????? (Updated 2015),9 years ago,1.1M views
,,,
https://www.youtube.com/watch?v=hHl_YMivv3c,"Battle Pirates, my base.",9 years ago,46K views
,,,
https://www.youtube.com/watch?v=7mLSbgyjM0g,"Battle Pirates, Hellstrike Base attack.",9 years ago,41K views
,,,
https://www.youtube.com/watch?v=TGKkMl17Htg,"Battle Pirates, Unstoppable Ship!",9 years ago,35K views
,,,
https://www.youtube.com/watch?v=Qw3eFnsSdlQ,Best Hellstrike Build???? (Battle Pirates),9 years ago,35K views
,,,
https://www.youtube.com/watch?v=KcNCJ1mgt14,"Marauder Builds, Battle Pirates In Depth Builds.",9 years ago,35K views
,,,
https://www.youtube.com/watch?v=A4lp4FRCo6o,"Battle pirates, How To Auto Lvl 40 Salvages.",9 years ago,37K views
,,,
https://www.youtube.com/watch?v=WYKZz3Zygdc,Hellstrikes vs 7 halos!,9 years ago,48K views
,,,
https://www.youtube.com/watch?v=5U2fmvh9_Is,"Battle Pirates, Hellstrike vs Epic Base!",9 years ago,41K views
,,,
https://www.youtube.com/watch?v=xvIpibLjs5k,"Battle Pirates, Another Hellstrike Fail.",9 years ago,41K views
,,,
https://www.youtube.com/watch?v=jlpAON0ePME,Battle pirates Hellstrike fail!,9 years ago,41K views
,,,
https://www.youtube.com/watch?v=sfp0a6zDoNQ,"Battle Pirates, lvl 66 vs Missile Cruiser x Fleet!",9 years ago,44K views
,,,
https://www.youtube.com/watch?v=RaDRWNz3Al4,"Battle Pirates, Hellstrike Too Overpowered????",9 years ago,43K views
,,,
https://www.youtube.com/watch?v=Ms9MGkEm4mg,"Battle Pirates, All Sentinel Base.",9 years ago,46K views
,,,
https://www.youtube.com/watch?v=90wWStXJX5c,"Battle pirates, Lvl 58 Mercury Base Attack!",9 years ago,68K views
,,,
https://www.youtube.com/watch?v=ruSVy-u2DzM,"Battle Pirates, Stingray vs Mercury Epic Battle!",9 years ago,45K views
,,,
https://www.youtube.com/watch?v=pP1KMQb51GA,OpTiC NaDeShOt Got Hack!!,9 years ago,52K views
,,,
https://www.youtube.com/watch?v=dPxAFqs2eYE,"Epic Ghost Multiplayer EasterEggs! (PrisonBreak, Sovereign, and Flooded)",9 years ago,70K views
,,,
https://www.youtube.com/watch?v=p-KVD5rA_Cw,Why Google Does Not Care What We Think....,9 years ago,278K views
,,,
https://www.youtube.com/watch?v=JdCgkcb1iwQ,My First Kem Strike!,9 years ago,53K views
,,,
https://www.youtube.com/watch?v=7anhkLPRk-A,Google+ The Death Of Youtube?????,9 years ago,92K views
,,,
https://www.youtube.com/watch?v=XVMY7B3AzWM,How Much Money Does PewDiePie Make?????,9 years ago,572K views
,,,
https://www.youtube.com/watch?v=QXag-irFHxE,Most Overpowered Guns In Ghost!,9 years ago,73K views
,,,
https://www.youtube.com/watch?v=vBEGODNmdas,Are Minecraft Faction Has A New Pet! (poopymiscquidlepants),9 years ago,71K views
,,,
https://www.youtube.com/watch?v=v3tbnlc5cfo,Battle Pirates!,9 years ago,69K views
,,,
https://www.youtube.com/watch?v=ObYLL97-SBA,How To Duplicate Diamonds!!!!,9 years ago,125K views
,,,
https://www.youtube.com/watch?v=IaR7P4-wFK8,50k Video Views!!!! EpicSauce!,9 years ago,191K views
,,,
https://www.youtube.com/watch?v=v1ELS84GQu8,If This Video Gets One Million Views.....,9 years ago,11M views
,,,
https://www.youtube.com/watch?v=ctJORnOjbrQ,These Were The Good Days....,9 years ago,103K views
,,,
https://www.youtube.com/watch?v=-hrPQFaDVKQ,Channel Update.,9 years ago,105K views
,,,
https://www.youtube.com/watch?v=bIZ5_L1ru2w,Funny Noob Tubing Reaction Montage!,9 years ago,78K views
,,,
https://www.youtube.com/watch?v=yyssjJEJMt4,"Minecraft, How To Grief Without Being Seen!",9 years ago,127K views
,,,
https://www.youtube.com/watch?v=2bwPntvb90U,Buried Round 50 Gameplay! Black ops 2 Zombies.,9 years ago,81K views
,,,
https://www.youtube.com/watch?v=Wz1VHTZq16c,Minecraft Let's Play Ep. # 2 - Having Fun and Derping!,9 years ago,132K views
,,,
https://www.youtube.com/watch?v=Cs-kyTJso-A,Worlds Biggest Ball Of TNT Minecraft!  Challenge Video!,9 years ago,438K views
,,,
https://www.youtube.com/watch?v=jkqd-oc0F00,"How To Get A Gaming Partnership, And What It Is.",9 years ago,57K views
,,,
https://www.youtube.com/watch?v=mVkT6Cd9SoI,Camping Montage.... LOL,9 years ago,65K views
,,,
https://www.youtube.com/watch?v=rffyxTTNkyk,Black Ops 2! Mini Update Video.,9 years ago,57K views
,,,
https://www.youtube.com/watch?v=OOesLeO6-pc,Randomness,9 years ago,57K views
,,,
https://www.youtube.com/watch?v=Q5lcjP6XlHw,203 Kill Game! Thanks For 300 Subscribers!,9 years ago,106K views
,,,
https://www.youtube.com/watch?v=sE3ZZmYotSs,Call of Duty Ghost Multiplier Reveal Trailer Release Date!,9 years ago,68K views
,,,
https://www.youtube.com/watch?v=pUwUAtmBKxw,Insane Black Ops 2 HACKER!!!!,9 years ago,155K views
,,,
https://www.youtube.com/watch?v=p5rGgPZtjDw,Top Subscribed To Channels? BO2 w/ commentary!,9 years ago,74K views
,,,
https://www.youtube.com/watch?v=bWDmDsdvoBs,Career Ender ....  LOL,9 years ago,95K views
,,,
https://www.youtube.com/watch?v=OJA1QK-j-Oo,I Bought A New Microphone!  (quality test),9 years ago,104K views
,,,
https://www.youtube.com/watch?v=KL1X8NsVGd0,Top 10 Worst Guns in Call Of Duty History!,10 years ago,144K views
,,,
https://www.youtube.com/watch?v=q2HoSwCMcZw,Black ops 2 Patch news!,10 years ago,87K views
,,,
https://www.youtube.com/watch?v=RRknlgRqOds,Black ops 2 Invisible equipment and scorestreak glitch!,10 years ago,107K views
,,,
https://www.youtube.com/watch?v=j93M46a-W3U,I'm Back! Update Video....,10 years ago,125K views
,,,
https://www.youtube.com/watch?v=uqjfMNEWNIg,Minecraft Let's Play! Ep. 1. The Beginning!,10 years ago,530K views
,,,
https://www.youtube.com/watch?v=X-g9aT2wFjM,Channel Trailer....,10 years ago,179K views
,,,
https://www.youtube.com/watch?v=pHKlrJeKmjA,Black ops 2 Shotgun gameplay w/ commentary....  Ps4 or Xbox?,10 years ago,168K views
,,,
https://www.youtube.com/watch?v=C82suucz4i4,Black ops 2 Gameplay w/ commentary. Hipsters,10 years ago,232K views
,,,
https://www.youtube.com/watch?v=H_DYlka7QAQ,Project Zomboid Let's Play ep [04] lots of stuff,10 years ago,84K views
,,,
https://www.youtube.com/watch?v=ov0KQthQ50U,Project Zomboid Let's Play ep. [03] Looting and storing.,10 years ago,83K views
,,,
https://www.youtube.com/watch?v=MC-7ziNt_U4,Project Zomboid let's play ep. [02] Just some chores.,10 years ago,83K views
,,,
https://www.youtube.com/watch?v=PNsF1Uh5yP8,Project Zomboid Lets Play ep [01] Roughing it out!,10 years ago,140K views
,,,
https://www.youtube.com/watch?v=9Y2sAtN5yRs,Gunpowder plus mod! (Grenade mod) Epic explosions for minecraft.,10 years ago,131K views
,,,
https://www.youtube.com/watch?v=-z349CGAOXs,Horse racing map for new update! (minecraft),10 years ago,130K views
,,,
https://www.youtube.com/watch?v=pl4xmh3RWfE,Amazing minecraft Cathedral!,10 years ago,261K views
,,,
https://www.youtube.com/watch?v=6z5RwrvnH28,Huge WW2 jeep! Minecraft creations.,10 years ago,383K views
,,,
https://www.youtube.com/watch?v=ivdQqobHDPc,Story time!,10 years ago,365K views
,,,
https://www.youtube.com/watch?v=uUIlb2rpIuY,Epic Minecraft city! (w/ download link!),10 years ago,229K views
,,,
https://www.youtube.com/watch?v=Ros1PpcO5Js,Pokemon online battle #9 [rb] Hidden power ice ftw!,10 years ago,112K views
,,,
https://www.youtube.com/watch?v=KYv1nqutbK0,Pokemon online battle #8 Stone edge,10 years ago,105K views
,,,
https://www.youtube.com/watch?v=7Yi-ctyTNU4,Online pokemon battle #7 [uu] 5-0,10 years ago,144K views
,,,
https://www.youtube.com/watch?v=VN2-3OfUzd8,Magic karp sweeps whole team of LEGENDARIES!!!,10 years ago,120K views
,,,
https://www.youtube.com/watch?v=-2IFrMOM36w,Pokemon online battles #5 [uu] Heracross never seems to dissapoint me...,10 years ago,114K views
,,,
https://www.youtube.com/watch?v=7dIFHQkrASM,This is a detailed break down of my favorite UU team... ENJOY!,10 years ago,123K views
,,,
https://www.youtube.com/watch?v=QicO1Gd0kvU,Pokemon online battle #4 [uu] Same old team,10 years ago,140K views
,,,
https://www.youtube.com/watch?v=yFfcsmK2TOA,Online pokemon battle #3 [uu] Ice punch,10 years ago,121K views
,,,
https://www.youtube.com/watch?v=Jl0-6tbNGBo,Pokemon online battle #2 [uu] Herracross w/ Dat MOXIE BOOST,10 years ago,179K views
,,,
https://www.youtube.com/watch?v=IAbX0FwX-GY,Why I Haven't Been Uploading,10 years ago,559K views
,,,
https://www.youtube.com/watch?v=XKSJRulqDNA,Most Epic Thing In Minecraft!?!?!?!?!?!!?????,10 years ago,288K views
,,,
https://www.youtube.com/watch?v=jysfHFHNjYQ,Epic minecraft apartment complex!,10 years ago,338K views
,,,
https://www.youtube.com/watch?v=Yox25V8Qsm4,Crazy Illulsions In Minecraft. (Bigre),10 years ago,497K views
,,,
https://www.youtube.com/watch?v=clcN3OA8SNw,Best Minecraft Castle Ever?,10 years ago,252K views
,,,
https://www.youtube.com/watch?v=m3lTwO0aNyw,How to get unlimited diamonds! minecraft (x-ray),10 years ago,384K views
,,,
https://www.youtube.com/watch?v=gchqnwXlxJw,Drinks in minecraft (mod),10 years ago,361K views
,,,
https://www.youtube.com/watch?v=atCPtw4dg7g,Emerald tool mod! (minecraft),10 years ago,352K views
,,,
https://www.youtube.com/watch?v=t8aM4HuVLrQ,This is a block? Since when lol.,10 years ago,554K views
,,,
https://www.youtube.com/watch?v=M82VAcabSiA,Scary minecraft pig skin!,10 years ago,665K views
,,,
https://www.youtube.com/watch?v=7qj3nuF9Dzw,Most Epic minecraft skin EVER  (Psy),10 years ago,727K views
,,,
https://www.youtube.com/watch?v=Y74b7WlcEpk,More birds IN MINECRAFT!!,10 years ago,851K views
,,,
https://www.youtube.com/watch?v=Z8nEEdXTaX0,Boxy item mod Minecraft.  EPIC,10 years ago,1M views
,,,
https://www.youtube.com/watch?v=jP82d277Cc8,Harry Potter Mod In Minecraft! EPIC MUST SEE MOD!!!,11 years ago,3.5M views
,,,
https://www.youtube.com/watch?v=2XVcLrB7B3Y,Worst Minecraft Saw Trap Ever???,11 years ago,17M views
